,title,runtime,rating,genre,summary
0,1.Nomadland(2020),107 min,R,Drama,"A woman in her sixties, after losing everything in the Great Recession, embarks on a journey through the American West, living as a van-dwelling modern-day nomad."
1,2.The Father(I) (2020),97 min,PG-13,"Drama, Mystery",
2,3.Judas and the Black Messiah(2021),126 min,R,"Biography, Drama, History","A man refuses all assistance from his daughter as he ages. As he tries to make sense of his changing circumstances, he begins to doubt his loved ones, his own mind and even the fabric of his reality."
3,4.Mank(2020),131 min,R,"Biography, Comedy, Drama","Offered a plea deal by the FBI, William O'Neal infiltrates the Illinois chapter of the Black Panther Party to gather intelligence on Chairman Fred Hampton."
4,5.Minari(2020),115 min,PG-13,Drama,1930s Hollywood is re-evaluated through the eyes of scathing social critic and alcoholic screenwriter Herman J. Mankiewicz as he races to finish the screenplay of Citizen Kane (1941).
5,6.Promising Young Woman(2020),113 min,R,"Crime, Drama, Mystery",A Korean family starts a farm in 1980s Arkansas.
6,7.Sound of Metal(2019),120 min,R,"Drama, Music","A young woman, traumatized by a tragic event in her past, seeks out vengeance against those who crossed her path."
7,8.The Trial of the Chicago 7(2020),129 min,R,"Drama, History, Thriller",A heavy-metal drummer's life is thrown into freefall when he begins to lose his hearing.
8,9.Parasite(2019),132 min,R,"Comedy, Drama, Thriller","The story of 7 people on trial stemming from various charges surrounding the uprising at the 1968 Democratic National Convention in Chicago, Illinois."
9,10.Ford v Ferrari(2019),152 min,PG-13,"Action, Biography, Drama",Greed and class discrimination threaten the newly formed symbiotic relationship between the wealthy Park family and the destitute Kim clan.
10,11.Joker(I) (2019),122 min,R,"Crime, Drama, Thriller",
11,12.Marriage Story(2019),137 min,R,"Drama, Romance",American car designer Carroll Shelby and driver Ken Miles battle corporate interference and the laws of physics to build a revolutionary race car for Ford in order to defeat Ferrari at the 24 Hours of Le Mans in 1966.
12,13.The Irishman(2019),209 min,R,"Biography, Crime, Drama",A mentally troubled stand-up comedian embarks on a downward spiral that leads to the creation of an iconic villain.
13,14.1917(2019),119 min,R,"Action, Drama, War",Noah Baumbach's incisive and compassionate look at a marriage breaking up and a family staying together.
14,15.Jojo Rabbit(2019),108 min,PG-13,"Comedy, Drama, War",Hitman Frank Sheeran looks back at the secrets he kept as a loyal member of the Bufalino crime family.
15,16.Little Women(2019),135 min,PG,"Drama, Romance","April 6th, As an infantry battalion assembles to wage war deep in enemy territory, two soldiers are assigned to race against time and deliver a message that will stop 1,600 men from walking straight into a deadly trap."
16,17.Once Upon a Time... In Hollywood(2019),161 min,R,"Comedy, Drama",A young German boy in the Hitler Youth whose hero and imaginary friend is the country's dictator is shocked to discover that his mother is hiding a Jewish girl in their home.
17,18.Green Book(2018),130 min,PG-13,"Biography, Comedy, Drama","Jo March reflects back and forth on her life, telling the beloved story of the March sisters - four young women, each determined to live life on her own terms."
18,19.Black Panther(2018),134 min,PG-13,"Action, Adventure, Sci-Fi",A faded television actor and his stunt double strive to achieve fame and success in the final years of Hollywood's Golden Age in 1969 Los Angeles.
19,20.BlacKkKlansman(2018),135 min,R,"Biography, Comedy, Crime",A working-class Italian-American bouncer becomes the driver for an African-American classical pianist on a tour of venues through the 1960s American South.
20,21.Bohemian Rhapsody(2018),134 min,PG-13,"Biography, Drama, Music",
21,22.The Favourite(2018),119 min,R,"Biography, Comedy, Drama","T'Challa, heir to the hidden but advanced kingdom of Wakanda, must step forward to lead his people into a new future and must confront a challenger from his country's past."
22,23.Roma(2018),135 min,R,Drama,"Ron Stallworth, an African American police officer from Colorado Springs, CO, successfully manages to infiltrate the local Ku Klux Klan branch with the help of a Jewish surrogate who eventually becomes its leader. Based on actual events."
23,24.A Star Is Born(2018),136 min,R,"Drama, Music, Romance","The story of the legendary British rock band Queen and lead singer Freddie Mercury, leading up to their famous performance at Live Aid (1985)."
24,25.Vice(I) (2018),132 min,R,"Biography, Comedy, Drama","In early 18th-century England, the status quo at the court is upset when a new servant arrives and endears herself to a frail Queen Anne."
25,26.The Shape of Water(2017),123 min,R,"Drama, Fantasy, Romance",A year in the life of a middle-class family's maid in Mexico City in the early 1970s.
26,27.Dunkirk(2017),106 min,PG-13,"Action, Drama, History",A musician helps a young singer find fame as age and alcoholism send his own career into a downward spiral.
27,"28.Three Billboards Outside Ebbing, Missouri(2017)",115 min,R,"Comedy, Crime, Drama","The story of Dick Cheney, an unassuming bureaucratic Washington insider, who quietly wielded immense power as Vice President to George W. Bush, reshaping the country and the globe in ways that is still felt today."
28,29.Lady Bird(2017),94 min,R,"Comedy, Drama","At a top secret research facility in the 1960s, a lonely janitor forms a unique relationship with an amphibious creature that is being held in captivity."
29,30.The Post(2017),116 min,PG-13,Drama,
30,31.Get Out(I) (2017),104 min,R,"Horror, Mystery, Thriller","Allied soldiers from Belgium, the British Commonwealth and Empire, and France are surrounded by the German Army and evacuated during a fierce battle in World War II."
31,32.Call Me by Your Name(2017),132 min,R,"Drama, Romance",A mother personally challenges the local authorities to solve her daughter's murder when they fail to catch the culprit.
32,33.Darkest Hour(2017),125 min,PG-13,"Biography, Drama, War","In 2002, an artistically inclined seventeen-year-old girl comes of age in Sacramento, California."
33,34.All the Money in the World(2017),132 min,R,"Biography, Crime, Drama",A cover-up spanning four U.S. Presidents pushes the country's first female newspaper publisher and her editor to join an unprecedented battle between press and government.
34,35.Moonlight(I) (2016),111 min,R,Drama,"A young African-American visits his white girlfriend's parents for the weekend, where his simmering uneasiness about their reception of him eventually reaches a boiling point."
35,36.Arrival(II) (2016),116 min,PG-13,"Drama, Mystery, Sci-Fi","In 1980s Italy, romance blossoms between a seventeen-year-old student and the older man hired as his father's research assistant."
36,37.Fences(2016),139 min,PG-13,Drama,"In May 1940, the fate of World War II hangs on Winston Churchill, who must decide whether to negotiate with Adolf Hitler, or fight on knowing that it could mean the end of the British Empire."
37,38.Hacksaw Ridge(2016),139 min,R,"Biography, Drama, History",The story of the kidnapping of 16-year-old John Paul Getty III and the desperate attempt by his devoted mother to convince his billionaire grandfather Jean Paul Getty to pay the ransom.
38,39.Hell or High Water(II) (2016),102 min,R,"Crime, Drama, Thriller","A young African-American man grapples with his identity and sexuality while experiencing the everyday struggles of childhood, adolescence, and burgeoning adulthood."
39,40.Hidden Figures(2016),127 min,PG,"Biography, Drama, History",
40,41.La La Land(2016),128 min,PG-13,"Comedy, Drama, Music",A linguist works with the military to communicate with alien lifeforms after twelve mysterious spacecraft appear around the world.
41,42.Lion(2016),118 min,PG-13,"Biography, Drama","A working-class African-American father tries to raise his family in the 1950s, while coming to terms with the events of his life."
42,43.Manchester by the Sea(2016),137 min,R,Drama,"World War II American Army Medic Desmond T. Doss, who served during the Battle of Okinawa, refuses to kill people and becomes the first man in American history to receive the Medal of Honor without firing a shot."
43,44.Spotlight(I) (2015),129 min,R,"Biography, Crime, Drama",A divorced father and his ex-con older brother resort to a desperate scheme in order to save their family's ranch in West Texas.
44,45.The Big Short(2015),130 min,R,"Biography, Comedy, Drama",The story of a team of female African-American mathematicians who served a vital role in NASA during the early years of the U.S. space program.
45,46.Bridge of Spies(2015),142 min,PG-13,"Drama, History, Thriller","While navigating their careers in Los Angeles, a pianist and an actress fall in love while attempting to reconcile their aspirations for the future."
46,47.Brooklyn(2015),117 min,PG-13,"Drama, Romance","A five-year-old Indian boy is adopted by an Australian couple after getting lost hundreds of kilometers from home. 25 years later, he sets out to find his lost family."
47,48.Mad Max: Fury Road(2015),120 min,R,"Action, Adventure, Sci-Fi",A depressed uncle is asked to take care of his teenage nephew after the boy's father dies.
48,49.The Martian(2015),144 min,PG-13,"Adventure, Drama, Sci-Fi","The true story of how the Boston Globe uncovered the massive scandal of child molestation and cover-up within the local Catholic Archdiocese, shaking the entire Catholic Church to its core."
49,50.The Revenant(2015),156 min,R,"Action, Adventure, Drama",
50,51.Room(I) (2015),118 min,R,"Drama, Thriller","In 2006-2007 a group of investors bet against the US mortgage market. In their research, they discover how flawed and corrupt the market is."
51,52.Birdman or (The Unexpected Virtue of Ignorance)(2014),119 min,R,"Comedy, Drama","During the Cold War, an American lawyer is recruited to defend an arrested Soviet spy in court, and then help the CIA facilitate an exchange of the spy for the Soviet captured American U2 spy plane pilot, Francis Gary Powers."
52,53.American Sniper(2014),133 min,R,"Action, Biography, Drama","An Irish immigrant lands in 1950s Brooklyn, where she quickly falls into a romance with a local. When her past catches up with her, however, she must choose between two countries and the lives that exist within."
53,54.Boyhood(I) (2014),165 min,R,Drama,"In a post-apocalyptic wasteland, a woman rebels against a tyrannical ruler in search for her homeland with the aid of a group of female prisoners, a psychotic worshiper, and a drifter named Max."
54,55.The Imitation Game(2014),114 min,PG-13,"Biography, Drama, Thriller","An astronaut becomes stranded on Mars after his team assume him dead, and must rely on his ingenuity to find a way to signal to Earth that he is alive and can survive until a potential rescue."
55,56.The Grand Budapest Hotel(2014),99 min,R,"Adventure, Comedy, Crime",A frontiersman on a fur trading expedition in the 1820s fights for survival after being mauled by a bear and left for dead by members of his own hunting team.
56,57.Selma(2014),128 min,PG-13,"Biography, Drama, History","Held captive for 7 years in an enclosed space, a woman and her young son finally gain their freedom, allowing the boy to experience the outside world for the first time."
57,58.The Theory of Everything(2014),123 min,PG-13,"Biography, Drama, Romance","A washed-up superhero actor attempts to revive his fading career by writing, directing, and starring in a Broadway production."
58,59.Whiplash(2014),106 min,R,"Drama, Music",
59,60.12 Years a Slave(2013),134 min,R,"Biography, Drama, History","Navy S.E.A.L. sniper Chris Kyle's pinpoint accuracy saves countless lives on the battlefield and turns him into a legend. Back home with his family after four tours of duty, however, Chris finds that it is the war he can't leave behind."
60,61.American Hustle(2013),138 min,R,"Crime, Drama","The life of Mason, from early childhood to his arrival at college."
61,62.Captain Phillips(2013),134 min,PG-13,"Action, Biography, Crime","During World War II, the English mathematical genius Alan Turing tries to crack the German Enigma code with help from fellow mathematicians while attempting to come to terms with his troubled private life."
62,63.Dallas Buyers Club(2013),117 min,R,"Biography, Drama","A writer encounters the owner of an aging high-class hotel, who tells him of his early years serving as a lobby boy in the hotel's glorious years under an exceptional concierge."
63,64.Gravity(2013),91 min,PG-13,"Sci-Fi, Thriller","A chronicle of Dr. Martin Luther King, Jr.'s campaign to secure equal voting rights via an epic march from Selma to Montgomery, Alabama, in 1965."
64,65.Her(2013),126 min,R,"Drama, Romance, Sci-Fi",A look at the relationship between the famous physicist Stephen Hawking and his wife.
65,66.Nebraska(2013),115 min,R,"Adventure, Comedy, Drama",A promising young drummer enrolls at a cut-throat music conservatory where his dreams of greatness are mentored by an instructor who will stop at nothing to realize a student's potential.
66,67.Philomena(2013),98 min,PG-13,"Biography, Comedy, Drama","In the antebellum United States, Solomon Northup, a free black man from upstate New York, is abducted and sold into slavery."
67,68.The Wolf of Wall Street(2013),180 min,R,"Biography, Comedy, Crime",
68,69.Argo(2012),120 min,R,"Biography, Drama, Thriller","A con man, Irving Rosenfeld, along with his seductive partner Sydney Prosser, is forced to work for a wild F.B.I. Agent, Richie DiMaso, who pushes them into a world of Jersey powerbrokers and the Mafia."
69,70.Beasts of the Southern Wild(2012),93 min,PG-13,"Adventure, Drama, Fantasy","The true story of Captain Richard Phillips and the 2009 hijacking by Somali pirates of the U.S.-flagged MV Maersk Alabama, the first American cargo ship to be hijacked in two hundred years."
70,71.Zero Dark Thirty(2012),157 min,R,"Drama, History, Thriller","In 1985 Dallas, electrician and hustler Ron Woodroof works around the system to help AIDS patients get the medication they need after he is diagnosed with the disease."
71,72.Amour(2012),127 min,PG-13,Drama,Two astronauts work together to survive after an accident leaves them stranded in space.
72,73.Silver Linings Playbook(2012),122 min,R,"Comedy, Drama, Romance","In a near future, a lonely writer develops an unlikely relationship with an operating system designed to meet his every need."
73,74.Lincoln(2012),150 min,PG-13,"Biography, Drama, History","An aging, booze-addled father makes the trip from Montana to Nebraska with his estranged son in order to claim a million-dollar Mega Sweepstakes Marketing prize."
74,75.Life of Pi(2012),127 min,PG,"Adventure, Drama, Fantasy","A world-weary political journalist picks up the story of a woman's search for her son, who was taken away from her decades ago after she became pregnant and was forced to live in a convent."
75,76.Les Misérables(2012),158 min,PG-13,"Drama, Musical, Romance","Based on the true story of Jordan Belfort, from his rise to a wealthy stock-broker living the high life to his fall involving crime, corruption and the federal government."
76,77.Django Unchained(2012),165 min,R,"Drama, Western","Acting under the cover of a Hollywood producer scouting a location for a science fiction film, a CIA agent launches a dangerous operation to rescue six Americans in Tehran during the U.S. hostage crisis in Iran in 1979."
77,78.The Artist(I) (2011),100 min,PG-13,"Comedy, Drama, Romance",
78,79.The Tree of Life(2011),139 min,PG-13,"Drama, Fantasy","Faced with both her hot-tempered father's fading health and melting ice-caps that flood her ramshackle bayou community and unleash ancient aurochs, six-year-old Hushpuppy must learn the ways of courage and love."
79,80.The Descendants(2011),115 min,R,"Comedy, Drama","A chronicle of the decade-long hunt for al-Qaeda terrorist leader Osama bin Laden after the September 2001 attacks, and his death at the hands of the Navy S.E.A.L.s Team 6 in May 2011."
80,81.Extremely Loud & Incredibly Close(2011),129 min,PG-13,"Adventure, Drama, Mystery","Georges and Anne are an octogenarian couple. They are cultivated, retired music teachers. Their daughter, also a musician, lives in Britain with her family. One day, Anne has a stroke, and the couple's bond of love is severely tested."
81,82.The Help(2011),146 min,PG-13,Drama,"After a stint in a mental institution, former teacher Pat Solitano moves back in with his parents and tries to reconcile with his ex-wife. Things get more challenging when Pat meets Tiffany, a mysterious girl with problems of her own."
82,83.Hugo(2011),126 min,PG,"Adventure, Drama, Family","As the American Civil War continues to rage, America's president struggles with continuing carnage on the battlefield as he fights with many inside his own cabinet on the decision to emancipate the slaves."
83,84.Midnight in Paris(2011),94 min,PG-13,"Comedy, Fantasy, Romance","A young man who survives a disaster at sea is hurtled into an epic journey of adventure and discovery. While cast away, he forms an unexpected connection with another survivor: a fearsome Bengal tiger."
84,85.Moneyball(2011),133 min,PG-13,"Biography, Drama, Sport","In 19th-century France, Jean Valjean, who for decades has been hunted by the ruthless policeman Javert after breaking parole, agrees to care for a factory worker's daughter. The decision changes their lives forever."
85,86.War Horse(2011),146 min,PG-13,"Action, Adventure, Drama","With the help of a German bounty-hunter, a freed slave sets out to rescue his wife from a brutal plantation-owner in Mississippi."
86,87.The King's Speech(2010),118 min,R,"Biography, Drama, History",An egomaniacal film star develops a relationship with a young dancer against the backdrop of Hollywood's silent era.
87,88.127 Hours(2010),94 min,R,"Biography, Drama",
88,89.Black Swan(2010),108 min,R,"Drama, Thriller","The story of a family in Waco, Texas in The eldest son witnesses the loss of innocence and struggles with his parents' conflicting teachings."
89,90.The Fighter(I) (2010),116 min,R,"Action, Biography, Drama",A land baron tries to reconnect with his two daughters after his wife is seriously injured in a boating accident.
90,91.Inception(2010),148 min,PG-13,"Action, Adventure, Sci-Fi","A nine-year-old amateur inventor, Francophile, and pacifist searches New York City for the lock that matches a mysterious key left behind by his father, who died in the World Trade Center on September 11, 2001."
91,92.The Kids Are All Right(2010),106 min,R,"Comedy, Drama, Romance","An aspiring author during the civil rights movement of the 1960s decides to write a book detailing the African American maids' point of view on the white families for which they work, and the hardships they go through on a daily basis."
92,93.The Social Network(2010),120 min,PG-13,"Biography, Drama","In 1931 Paris, an orphan living in the walls of a train station gets wrapped up in a mystery involving his late father and an automaton."
93,94.Toy Story 3(2010),103 min,G,"Animation, Adventure, Comedy","While on a trip to Paris with his fiancée's family, a nostalgic screenwriter finds himself mysteriously going back to the 1920s every day at midnight."
94,95.True Grit(2010),110 min,PG-13,"Drama, Western",Oakland A's general manager Billy Beane's successful attempt to assemble a baseball team on a lean budget by employing computer-generated analysis to acquire new players.
95,96.The Hurt Locker(2008),131 min,R,"Drama, Thriller, War",Young Albert enlists to serve in World War I after his beloved horse is sold to the cavalry. Albert's hopeful journey takes him out of England and to the front lines as the war rages on.
96,97.A Serious Man(2009),106 min,R,"Comedy, Drama","The story of King George VI, his impromptu ascension to the throne of the British Empire in 1936, and the speech therapist who helped the unsure monarch overcome his stammer."
97,98.An Education(2009),100 min,PG-13,Drama,
98,99.Avatar(2009),162 min,PG-13,"Action, Adventure, Fantasy","A mountain climber becomes trapped under a boulder while canyoneering alone near Moab, Utah and resorts to desperate measures in order to survive."
99,100.District 9(2009),112 min,R,"Action, Sci-Fi, Thriller","A committed dancer struggles to maintain her sanity after winning the lead role in a production of Tchaikovsky's ""Swan Lake""."
0,101.Inglourious Basterds(2009),153 min,R,"Adventure, Drama, War","In Nazi-occupied France during World War II, a plan to assassinate Nazi leaders by a group of Jewish U.S. soldiers coincides with a theatre owner's vengeful plans for the same."
1,102.Precious(II) (2009),110 min,R,Drama,"In New York City's Harlem circa 1987, an overweight, abused, illiterate teen who is pregnant with her second child is invited to enroll in an alternative school in hopes that she can re-route her life in a better direction."
2,103.The Blind Side(2009),129 min,PG-13,"Biography, Drama, Sport","The story of Michael Oher, a homeless and traumatized boy who became an All-American football player and first-round NFL draft pick with the help of a caring woman and her family."
3,104.Up(2009),96 min,PG,"Animation, Adventure, Comedy","78-year-old Carl Fredricksen travels to Paradise Falls in his house equipped with balloons, inadvertently taking a young stowaway."
4,105.Up in the Air(I) (2009),109 min,R,"Comedy, Drama, Romance","Ryan Bingham enjoys living out of a suitcase for his job, travelling around the country firing people, but finds that lifestyle threatened by the presence of a potential love interest, and a new hire presenting a new business model."
5,106.Slumdog Millionaire(2008),120 min,R,"Crime, Drama, Romance","A Mumbai teenager reflects on his life after being accused of cheating on the Indian version of ""Who Wants to be a Millionaire?""."
6,107.The Curious Case of Benjamin Button(2008),166 min,PG-13,"Drama, Fantasy, Romance",
7,108.Frost/Nixon(2008),122 min,R,"Biography, Drama, History","Tells the story of Benjamin Button, a man who starts aging backwards with consequences."
8,109.Milk(I) (2008),128 min,R,"Biography, Crime, Drama",A dramatic retelling of the post-Watergate television interviews between British talk-show host David Frost and former president Richard Nixon.
9,110.The Reader(2008),124 min,R,"Drama, Romance",The story of Harvey Milk and his struggles as an American gay activist who fought for gay rights and became California's first openly gay elected official.
10,111.No Country for Old Men(2007),122 min,R,"Crime, Drama, Thriller","Post-WWII Germany: Nearly a decade after his affair with an older woman came to a mysterious end, law student Michael Berg re-encounters his former lover as she defends herself in a war-crime trial."
11,112.Atonement(2007),123 min,R,"Drama, Mystery, Romance",Violence and mayhem ensue after a hunter stumbles upon a drug deal gone wrong and more than two million dollars in cash near the Rio Grande.
12,113.Juno(2007),96 min,PG-13,"Comedy, Drama",
13,114.Michael Clayton(2007),119 min,R,"Crime, Drama, Mystery",Thirteen-year-old fledgling writer Briony Tallis irrevocably changes the course of several lives when she accuses her older sister's lover of a crime he did not commit.
14,115.There Will Be Blood(2007),158 min,R,Drama,"Faced with an unplanned pregnancy, an offbeat young woman makes an unusual decision regarding the unborn child."
15,116.The Departed(2006),151 min,R,"Crime, Drama, Thriller","A law firm brings in its ""fixer"" to remedy the situation after a lawyer has a breakdown while representing a chemical company that he knows is guilty in a multibillion-dollar class action suit."
16,117.Babel(I) (2006),143 min,R,Drama,"A story of family, religion, hatred, oil and madness, focusing on a turn-of-the-century prospector in the early days of the business."
17,118.Letters from Iwo Jima(2006),141 min,R,"Action, Adventure, Drama",An undercover cop and a mole in the police attempt to identify each other while infiltrating an Irish gang in South Boston.
18,119.Little Miss Sunshine(2006),101 min,R,"Comedy, Drama",
19,120.The Queen(2006),103 min,PG-13,"Biography, Drama","Tragedy strikes a married couple on vacation in the Moroccan desert, touching off an interlocking story involving four different families."
20,121.Crash(I) (2004),112 min,R,"Crime, Drama, Thriller","The story of the battle of Iwo Jima between the United States and Imperial Japan during World War II, as told from the perspective of the Japanese who fought it."
21,122.Brokeback Mountain(2005),134 min,R,"Drama, Romance",A family determined to get their young daughter into the finals of a beauty pageant take a cross-country trip in their VW bus.
22,123.Capote(2005),114 min,R,"Biography, Crime, Drama","After the death of Princess Diana, Queen Elizabeth II struggles with her reaction to a sequence of events nobody could have predicted."
23,"124.Good Night, and Good Luck.(2005)",93 min,PG,"Biography, Drama, History","Los Angeles citizens with vastly separate lives collide in interweaving stories of race, loss and redemption."
24,125.Munich(2005),164 min,R,"Action, Drama, History",
25,126.Million Dollar Baby(2004),132 min,PG-13,"Drama, Sport",Ennis and Jack are two shepherds who develop a sexual and emotional relationship. Their relationship becomes complicated when both of them get married to their respective girlfriends.
26,127.The Aviator(2004),170 min,PG-13,"Biography, Drama","In 1959, Truman Capote learns of the murder of a Kansas family and decides to write a book about the case. While researching for his novel In Cold Blood, Capote forms a relationship with one of the killers, Perry Smith, who is on death row."
27,128.Finding Neverland(2004),106 min,PG,"Biography, Drama, Family",Broadcast journalist Edward R. Murrow looks to bring down Senator Joseph McCarthy.
28,129.Ray(I) (2004),152 min,PG-13,"Biography, Drama, Music","After the Black September capture and massacre of Israeli athletes at the 1972 Olympics, five men are chosen to eliminate the people responsible for that fateful day."
29,130.Sideways(2004),127 min,R,"Comedy, Drama, Romance",A determined woman works with a hardened boxing trainer to become a professional.
30,131.The Lord of the Rings: The Return of the King(2003),201 min,PG-13,"Action, Adventure, Drama",
31,132.Lost in Translation(2003),102 min,R,"Comedy, Drama",A biopic depicting the early years of legendary director and aviator Howard Hughes' career from the late 1920s to the mid 1940s.
32,133.Master and Commander: The Far Side of the World(2003),138 min,PG-13,"Action, Adventure, Drama",The story of Sir J.M. Barrie's friendship with a family who inspired him to create Peter Pan.
33,134.Mystic River(2003),138 min,R,"Crime, Drama, Mystery","The story of the life and career of the legendary rhythm and blues musician Ray Charles, from his humble beginnings in the South, where he went blind at age seven, to his meteoric rise to stardom during the 1950s and 1960s."
34,135.Seabiscuit(2003),140 min,PG-13,"Drama, History, Sport","Two men reaching middle age with not much to show but disappointment embark on a week-long road trip through California's wine country, just as one is about to take a trip down the aisle."
35,136.Chicago(2002),113 min,PG-13,"Comedy, Crime, Musical",Gandalf and Aragorn lead the World of Men against Sauron's army to draw his gaze from Frodo and Sam as they approach Mount Doom with the One Ring.
36,137.Gangs of New York(2002),167 min,R,"Crime, Drama",
37,138.The Hours(2002),110 min,PG-13,"Drama, Romance",A faded movie star and a neglected young woman form an unlikely bond after crossing paths in Tokyo.
38,139.The Lord of the Rings: The Two Towers(2002),179 min,PG-13,"Action, Adventure, Drama","During the Napoleonic Wars, a brash British captain pushes his ship and crew to their limits in pursuit of a formidable French war vessel around South America."
39,140.The Pianist(2002),150 min,R,"Biography, Drama, Music",The lives of three men who were childhood friends are shattered when one of them has a family tragedy.
40,141.A Beautiful Mind(2001),135 min,PG-13,"Biography, Drama",True story of the undersized Depression-era racehorse whose victories lifted not only the spirits of the team behind it but also those of their nation.
41,142.Gosford Park(2001),137 min,R,"Comedy, Drama, Mystery","Two death-row murderesses develop a fierce rivalry while competing for publicity, celebrity, and a sleazy lawyer's attention."
42,143.In the Bedroom(2001),131 min,R,"Crime, Drama",
43,144.The Lord of the Rings: The Fellowship of the Ring(2001),178 min,PG-13,"Action, Adventure, Drama","In 1862, Amsterdam Vallon returns to the Five Points area of New York City seeking revenge against Bill the Butcher, his father's killer."
44,145.Moulin Rouge!(2001),127 min,PG-13,"Drama, Musical, Romance","The story of how the novel ""Mrs. Dalloway"" affects three generations of women, all of whom, in one way or another, have had to deal with suicide in their lives."
45,146.Gladiator(2000),155 min,R,"Action, Adventure, Drama","While Frodo and Sam edge closer to Mordor with the help of the shifty Gollum, the divided fellowship makes a stand against Sauron's new ally, Saruman, and his hordes of Isengard."
46,147.Chocolat(2000),121 min,PG-13,"Drama, Romance",A Polish Jewish musician struggles to survive the destruction of the Warsaw ghetto of World War II.
47,"148.Crouching Tiger, Hidden Dragon(2000)",120 min,PG-13,"Action, Adventure, Drama","After John Nash, a brilliant but asocial mathematician, accepts secret work in cryptography, his life takes a turn for the nightmarish."
48,149.Erin Brockovich(2000),131 min,R,"Biography, Drama",
49,150.Traffic(2000),147 min,R,"Crime, Drama, Thriller","Set in the 1930s, this movie brings a group of pretentious rich and famous together for a weekend of relaxation at a hunting resort. But when a murder occurs, each one of these interesting characters becomes a suspect."
50,151.American Beauty(1999),122 min,R,Drama,A New England couple's college-aged son dates an older woman who has two small children and an unwelcome ex-husband.
51,152.The Cider House Rules(1999),126 min,PG-13,"Drama, Romance",A meek Hobbit from the Shire and eight companions set out on a journey to destroy the powerful One Ring and save Middle-earth from the Dark Lord Sauron.
52,153.The Green Mile(1999),189 min,R,"Crime, Drama, Fantasy",A poor Bohemian poet in 1890s Paris falls for a beautiful courtesan and nightclub star coveted by a jealous duke.
53,154.The Insider(1999),157 min,R,"Biography, Drama, Thriller",A former Roman General sets out to exact vengeance against the corrupt emperor who murdered his family and sent him into slavery.
54,155.The Sixth Sense(1999),107 min,PG-13,"Drama, Mystery, Thriller",
55,156.Shakespeare in Love(1998),123 min,R,"Comedy, Drama, History",A French woman and her young daughter open up a chocolate shop in a small remote village that shakes up the rigid morality of the community.
56,157.Elizabeth(1998),124 min,R,"Biography, Drama, History",A young Chinese warrior steals a sword from a famed swordsman and then escapes into a world of romantic adventure with a mysterious man in the frontier of the nation.
57,158.Life Is Beautiful(1997),116 min,PG-13,"Comedy, Drama, Romance",An unemployed single mother becomes a legal assistant and almost single-handedly brings down a California power company accused of polluting a city's water supply.
58,159.Saving Private Ryan(1998),169 min,R,"Drama, War","A conservative judge is appointed by the President to spearhead America's escalating war against drugs, only to discover that his teenage daughter is a crack addict. Two DEA agents protect an informant. A jailed drug baron's wife attempts to carry on the family business."
59,160.The Thin Red Line(1998),170 min,R,"Drama, History, War",A sexually frustrated suburban father has a mid-life crisis after becoming infatuated with his daughter's best friend.
60,161.Titanic(1997),194 min,PG-13,"Drama, Romance",
61,162.As Good as It Gets(1997),139 min,PG-13,"Comedy, Drama, Romance","A compassionate young man, raised in an orphanage and trained to be a doctor there, decides to leave to see the world."
62,163.The Full Monty(1997),91 min,R,"Comedy, Drama","The lives of guards on Death Row are affected by one of their charges: a black man accused of child murder and rape, yet who has a mysterious gift."
63,164.Good Will Hunting(1997),126 min,R,"Drama, Romance",A research chemist comes under personal and professional attack when he decides to appear in a 60 Minutes exposé on Big Tobacco.
64,165.L.A. Confidential(1997),138 min,R,"Crime, Drama, Mystery","A frightened, withdrawn Philadelphia boy who communicates with spirits seeks the help of a disheartened child psychologist."
65,166.The English Patient(1996),162 min,R,"Drama, Romance, War","The world's greatest ever playwright, William Shakespeare, is young, out of ideas and short of cash, but meets his ideal woman and is inspired to write one of his most famous plays."
66,167.Fargo(1996),98 min,R,"Crime, Thriller",
67,168.Jerry Maguire(1996),139 min,R,"Comedy, Drama, Romance",The early years of the reign of Elizabeth I of England and her difficult task of learning what is necessary to be a monarch.
68,169.Secrets & Lies(1996),136 min,R,"Comedy, Drama","When an open-minded Jewish waiter and his son become victims of the Holocaust, he uses a perfect mixture of will, humor, and imagination to protect his son from the dangers around their camp."
69,170.Shine(1996),105 min,PG-13,"Biography, Drama, Music","Following the Normandy Landings, a group of U.S. soldiers go behind enemy lines to retrieve a paratrooper whose brothers have been killed in action."
70,171.Braveheart(1995),178 min,R,"Biography, Drama, History","Adaptation of James Jones' autobiographical 1962 novel, focusing on the conflict at Guadalcanal during the second World War."
71,172.Apollo 13(I) (1995),140 min,PG,"Adventure, Drama, History","A seventeen-year-old aristocrat falls in love with a kind but poor artist aboard the luxurious, ill-fated R.M.S. Titanic."
72,173.Babe(1995),91 min,G,"Comedy, Drama, Family",
73,174.The Postman(1994),108 min,PG,"Biography, Comedy, Drama","A single mother and waitress, a misanthropic author, and a gay artist form an unlikely friendship after the artist is assaulted in a robbery."
74,175.Sense and Sensibility(1995),136 min,PG,"Drama, Romance","Six unemployed steel workers form a male striptease act. The women cheer them on to go for ""the full monty"" - total nudity."
75,176.Forrest Gump(1994),142 min,PG-13,"Drama, Romance","Will Hunting, a janitor at M.I.T., has a gift for mathematics, but needs help from a psychologist to find direction in his life."
76,177.Four Weddings and a Funeral(1994),117 min,R,"Comedy, Drama, Romance","As corruption grows in 1950s Los Angeles, three policemen - one strait-laced, one brutal, and one sleazy - investigate a series of murders with their own brand of justice."
77,178.Pulp Fiction(1994),154 min,R,"Crime, Drama","At the close of World War II, a young nurse tends to a badly-burned plane crash victim. His past is shown in flashbacks, revealing an involvement in a fateful love affair."
78,179.Quiz Show(1994),133 min,PG-13,"Biography, Drama, History",
79,180.The Shawshank Redemption(1994),142 min,R,Drama,Minnesota car salesman Jerry Lundegaard's inept crime falls apart due to his and his henchmen's bungling and the persistent police work of the quite pregnant Marge Gunderson.
80,181.Schindler's List(1993),195 min,R,"Biography, Drama, History","When a sports agent has a moral epiphany and is fired for expressing it, he decides to put his new philosophy to the test as an independent agent with the only athlete who stays with him and his former colleague."
81,182.The Fugitive(1993),130 min,PG-13,"Action, Crime, Drama","Following the death of her adoptive parents, a successful young black optometrist establishes contact with her biological mother -- a lonely white factory worker living in poverty in East London."
82,183.In the Name of the Father(1993),133 min,R,"Biography, Crime, Drama","Pianist David Helfgott, driven by his father and teachers, has a breakdown. Years later he returns to the piano, to popular if not critical acclaim."
83,184.The Piano(1993),121 min,R,"Drama, Music, Romance",Scottish warrior William Wallace leads his countrymen in a rebellion to free his homeland from the tyranny of King Edward I of England.
84,185.The Remains of the Day(1993),134 min,PG,"Drama, Romance",
85,186.Unforgiven(1992),130 min,R,"Drama, Western",NASA must devise a strategy to return Apollo 13 to Earth safely after the spacecraft undergoes massive internal damage putting the lives of the three astronauts on board in jeopardy.
86,187.The Crying Game(1992),112 min,R,"Crime, Drama, Romance","Babe, a pig raised by sheepdogs on a rural English farm, learns to herd sheep with a little help from Farmer Hoggett."
87,188.A Few Good Men(1992),138 min,R,"Drama, Thriller","A simple Italian postman learns to love poetry while delivering mail to a famous poet, and then uses this to woo local beauty Beatrice."
88,189.Howards End(1992),142 min,PG,"Drama, Romance","Rich Mr. Dashwood dies, leaving his second wife and her three daughters poor by the rules of inheritance. The two eldest daughters are the title opposites."
89,190.Scent of a Woman(1992),156 min,R,Drama,"The presidencies of Kennedy and Johnson, the Vietnam War, the Watergate scandal and other historical events unfold from the perspective of an Alabama man with an IQ of 75, whose only desire is to be reunited with his childhood sweetheart."
90,191.The Silence of the Lambs(1991),118 min,R,"Crime, Drama, Thriller",
91,192.Beauty and the Beast(1991),84 min,G,"Animation, Family, Fantasy","Over the course of five social occasions, a committed bachelor must consider the notion that he may have discovered love."
92,193.Bugsy(1991),136 min,R,"Biography, Crime, Drama","The lives of two mob hitmen, a boxer, a gangster and his wife, and a pair of diner bandits intertwine in four tales of violence and redemption."
93,194.JFK(1991),189 min,R,"Drama, History, Thriller","A young lawyer, Richard Goodwin, investigates a potentially fixed game show. Charles Van Doren, a big time show winner, is under Goodwin's investigation."
94,195.The Prince of Tides(1991),132 min,R,"Drama, Romance","Two imprisoned men bond over a number of years, finding solace and eventual redemption through acts of common decency."
95,196.Dances with Wolves(1990),181 min,PG-13,"Adventure, Drama, Western","In German-occupied Poland during World War II, industrialist Oskar Schindler gradually becomes concerned for his Jewish workforce after witnessing their persecution by the Nazis."
96,197.Awakenings(1990),121 min,PG-13,"Biography, Drama",
97,198.Ghost(1990),127 min,PG-13,"Drama, Fantasy, Romance","Dr. Richard Kimble, unjustly accused of murdering his wife, must find the real killer while being the target of a nationwide manhunt led by a seasoned U.S. Marshal."
98,199.The Godfather Part III(1990),162 min,R,"Crime, Drama",A man's coerced confession to an I.R.A. bombing he did not commit results in the imprisonment of his father as well. An English lawyer fights to free them.
99,200.Goodfellas(1990),145 min,R,"Biography, Crime, Drama","In the mid-19th century a mute woman is sent to New Zealand along with her young daughter and prized piano for an arranged marriage to a farmer, but is soon lusted after by a farm worker."
0,201.Driving Miss Daisy(1989),99 min,PG,"Comedy, Drama, Romance",An old Jewish woman and her African-American chauffeur in the American South have a relationship that grows and improves over the years.
1,202.Born on the Fourth of July(1989),145 min,R,"Biography, Drama, War",
2,203.Dead Poets Society(1989),128 min,PG,"Comedy, Drama","The biography of Ron Kovic. Paralyzed in the Vietnam war, he becomes an anti-war and pro-human rights political activist after feeling betrayed by the country for which he fought."
3,204.Field of Dreams(1989),107 min,PG,"Drama, Family, Fantasy",Maverick teacher John Keating uses poetry to embolden his boarding school students to new heights of self-expression.
4,205.My Left Foot(1989),103 min,R,"Biography, Drama","Iowa farmer Ray Kinsella is inspired by a voice he can't ignore to pursue a dream he can hardly believe. Supported by his wife, Ray begins the quest by turning his ordinary cornfield into a place where dreams can come true."
5,206.Rain Man(1988),133 min,R,Drama,"Christy Brown, born with cerebral palsy, learns to paint and write with his only controllable limb - his left foot."
6,207.The Accidental Tourist(1988),121 min,PG,"Drama, Romance","After a selfish L.A. yuppie learns his estranged father left a fortune to an autistic-savant brother in Ohio that he didn't know existed, he absconds with his brother and sets out across the country, hoping to gain a larger inheritance."
7,208.Dangerous Liaisons(1988),119 min,R,"Drama, Romance",
8,209.Mississippi Burning(1988),128 min,R,"Crime, Drama, History",An emotionally distant writer of travel guides must carry on with his life after his son is killed and his marriage crumbles.
9,210.Working Girl(1988),113 min,R,"Comedy, Drama, Romance",A scheming widow and her manipulative ex-lover make a bet regarding the corruption of a recently married woman.
10,211.The Last Emperor(1987),163 min,PG-13,"Biography, Drama, History",Two F.B.I. Agents with wildly different styles arrive in Mississippi to investigate the disappearance of some civil rights activists.
11,212.Broadcast News(1987),133 min,R,"Comedy, Drama, Romance","When a secretary's idea is stolen by her boss, she seizes an opportunity to steal it back by pretending she has her boss' job."
12,213.Fatal Attraction(1987),119 min,R,"Drama, Thriller",The story of the final Emperor of China.
13,214.Hope and Glory(1987),113 min,PG-13,"Comedy, Drama, Romance",
14,215.Moonstruck(1987),102 min,PG,"Comedy, Drama, Romance","Take two rival television reporters: one handsome, one talented, both male. Add one producer, female. Mix well, and watch the sparks fly."
15,216.Platoon(1986),120 min,R,"Drama, War",A married man's one-night stand comes back to haunt him when that lover begins to stalk him and his family.
16,217.Children of a Lesser God(1986),119 min,R,"Drama, Romance","Bill, a young boy living on the outskirts of London experiences the exhilaration of World War II. During this period, Bill learns about sex, death, love, hypocrisy, and the faults of adults as he prowls the ruins of bombed houses."
17,218.Hannah and Her Sisters(1986),107 min,PG-13,"Comedy, Drama","Loretta Castorini, a bookkeeper from Brooklyn, New York, finds herself in a difficult situation when she falls for the brother of the man she has agreed to marry."
18,219.The Mission(1986),125 min,PG,"Adventure, Drama, History","Chris Taylor, a neophyte recruit in Vietnam, finds himself caught in a battle of wills between two sergeants, one good and the other evil. A shrewd examination of the brutality of war and the duality of man in conflict."
19,220.A Room with a View(1985),117 min,Not Rated,"Drama, Romance",
20,221.Out of Africa(1985),161 min,PG,"Biography, Drama, Romance","A new speech teacher at a school for the deaf falls in love with the janitor, a deaf woman speechless by choice."
21,222.The Color Purple(1985),154 min,PG-13,Drama,"Between two Thanksgivings two years apart, Hannah's husband falls in love with her sister Lee, while her hypochondriac ex-husband rekindles his relationship with her sister Holly."
22,223.Kiss of the Spider Woman(1985),120 min,R,Drama,Eighteenth-century Spanish Jesuits try to protect a remote South American tribe in danger of falling under the rule of pro-slavery Portugal.
23,224.Prizzi's Honor(1985),130 min,R,"Comedy, Crime, Drama","Lucy meets George in a Florence pensione and the two share a brief romance before Lucy returns home, where she becomes engaged to Cecil. However, it isn't long before George unexpectedly enters her life again."
24,225.Witness(1985),112 min,R,"Drama, Romance, Thriller","In 20th-century colonial Kenya, a Danish baroness/plantation owner has a passionate love affair with a free-spirited big-game hunter."
25,226.Amadeus(1984),160 min,R,"Biography, Drama, Music",
26,227.The Killing Fields(1984),141 min,R,"Biography, Drama, History",A black Southern woman struggles to find her identity after suffering abuse from her father and others over four decades.
27,228.A Passage to India(1984),164 min,PG,"Adventure, Drama, History",A gay man and a political prisoner are together in a prison. The gay man narrates the stories of two fake movies and his own life.
28,229.Places in the Heart(1984),111 min,PG,Drama,Two professional assassins fall in love.
29,230.A Soldier's Story(1984),101 min,PG,"Crime, Drama, Mystery","When a young Amish boy is sole witness to a murder while visiting Philadelphia with his mother, police detective John Book tries to protect the boy until an attempt on Book's life forces him into hiding in Amish country."
30,231.Terms of Endearment(1983),132 min,PG,"Comedy, Drama","The life, success and troubles of Wolfgang Amadeus Mozart, as told by Antonio Salieri, the contemporaneous composer who was insanely jealous of Mozart's talent and claimed to have murdered him."
31,232.The Big Chill(1983),105 min,R,"Comedy, Drama",
32,233.The Dresser(1983),118 min,PG,Drama,"A journalist is trapped in Cambodia during tyrant Pol Pot's bloody 'Year Zero' cleansing campaign, which claimed the lives of two million 'undesirable' civilians."
33,234.The Right Stuff(1983),193 min,PG,"Adventure, Biography, Drama","Cultural mistrust and false accusations doom a friendship in British colonial India between an Indian doctor, an Englishwoman engaged to marry a city magistrate, and an English educator."
34,235.Tender Mercies(1983),92 min,PG,"Drama, Music","In central Texas in the 1930s, a widow with two small children tries to save her small 40-acre farm with the help of a blind boarder and an itinerant black handyman."
35,236.Gandhi(1982),191 min,PG,"Biography, Drama",An African-American officer investigates a murder in a racially charged situation in World War II.
36,237.E.T. the Extra-Terrestrial(1982),115 min,PG,"Adventure, Family, Sci-Fi","Follows hard-to-please Aurora looking for love, and her daughter's family problems."
37,238.Missing(1982),122 min,PG,"Biography, Drama, History",
38,239.Tootsie(1982),116 min,PG,"Comedy, Drama, Romance",A group of seven former college friends gather for a weekend reunion at a South Carolina vacation home after the funeral of another of their college friends.
39,240.The Verdict(1982),129 min,R,Drama,Personal assistant Norman struggles to get deteriorating veteran actor Sir through a difficult performance of King Lear.
40,241.Chariots of Fire(1981),125 min,PG,"Biography, Drama, Sport","The U.S. space program's development from the breaking of the sound barrier to selection of the Mercury 7 astronauts, from a group of test pilots with a more seat-of-the-pants approach than the program's more cautious engineers preferred."
41,242.Atlantic City(1980),104 min,R,"Crime, Drama, Romance","A broken-down, middle-aged country singer gets a new wife, reaches out to his long-lost daughter, and tries to put his troubled life back together."
42,243.On Golden Pond(1981),109 min,PG,Drama,The life of the lawyer who became the famed leader of the Indian revolts against the British rule through his philosophy of nonviolent protest.
43,244.Indiana Jones and the Raiders of the Lost Ark(1981),115 min,PG,"Action, Adventure",
44,245.Reds(1981),195 min,PG,"Biography, Drama, History",A troubled child summons the courage to help a friendly alien escape from Earth and return to his home planet.
45,246.Ordinary People(1980),124 min,R,Drama,"When an idealistic American writer disappears during the Chilean coup d'état in September 1973, his wife and father try to find him."
46,247.Coal Miner's Daughter(1980),124 min,PG,"Biography, Drama, Music","Michael Dorsey, an unsuccessful actor, disguises himself as a woman in order to get a role on a trashy hospital soap."
47,248.The Elephant Man(1980),124 min,PG,"Biography, Drama","An outcast, alcoholic Boston lawyer sees the chance to salvage his career and self-respect by taking a medical malpractice case to trial rather than settling."
48,249.Raging Bull(1980),129 min,R,"Biography, Drama, Sport","Two British track athletes, one a determined Jew and the other a devout Christian, are driven to win in the 1924 Olympics as they wrestle with issues of pride and conscience."
49,250.Tess(1979),186 min,PG,"Drama, Romance",
50,251.Kramer vs. Kramer(1979),105 min,PG,Drama,"In a corrupt city, a small-time gangster and the estranged wife of a pot dealer find themselves thrown together in an escapade of love, money, drugs and danger."
51,252.All That Jazz(1979),123 min,R,"Drama, Music, Musical","Norman is a curmudgeon with an estranged relationship with his daughter Chelsea. At Golden Pond, he and his wife nevertheless agree to care for Billy, the son of Chelsea's new boyfriend, and a most unexpected relationship blooms."
52,253.Apocalypse Now(1979),147 min,R,"Drama, Mystery, War","Archaeology professor Indiana Jones ventures to seize a biblical artefact known as the Ark of the Covenant. While doing so, he puts up a fight against Renee and a troop of Nazis."
53,254.Breaking Away(1979),101 min,PG,"Comedy, Drama, Sport","A radical American journalist becomes involved with the Communist revolution in Russia, and hopes to bring its spirit and idealism to the United States."
54,255.Norma Rae(1979),114 min,PG,Drama,"The accidental death of the older son of an affluent family deeply strains the relationships among the bitter mother, the good-natured father and the guilt-ridden younger son."
55,256.The Deer Hunter(1978),183 min,R,"Drama, War",
56,257.Coming Home(1978),127 min,R,"Drama, Romance, War","The fictionalized life of singer Loretta Lynn, a girl who rose from humble beginnings to become a country music star in the 1960s/70s."
57,258.Heaven Can Wait(1978),101 min,PG,"Comedy, Fantasy, Romance","A Victorian surgeon rescues a heavily disfigured man who is mistreated while scraping a living as a side-show freak. Behind his monstrous façade, there is revealed a person of kindness, intelligence and sophistication."
58,259.Midnight Express(1978),121 min,R,"Biography, Crime, Drama","The life of boxer Jake LaMotta, whose violence and temper that led him to the top in the ring destroyed his life outside of it."
59,260.An Unmarried Woman(1978),124 min,R,"Comedy, Drama, Romance",A strong-willed young peasant girl attracts the affection of two men.
60,261.Annie Hall(1977),93 min,PG,"Comedy, Romance","After his wife leaves him, a work-obsessed Manhattan advertising executive is forced to learn long-neglected parenting skills, but a heated custody battle over the couple's young son deepens the wounds left by the separation."
61,262.The Goodbye Girl(1977),111 min,PG,"Comedy, Drama, Romance",
62,263.Julia(1977),117 min,PG,Drama,"Director/choreographer Bob Fosse tells his own life story as he details the sordid career of Joe Gideon, a womanizing, drug-using dancer."
63,264.Star Wars(1977),121 min,PG,"Action, Adventure, Fantasy",A U.S. Army officer serving in Vietnam is tasked with assassinating a renegade Special Forces Colonel who sees himself as a god.
64,265.The Turning Point(1977),119 min,PG,"Drama, Romance",A working-class Indiana teen obsessed with the Italian cycling team vies for the affections of a college girl while searching for life goals with his friends.
65,266.Rocky(1976),120 min,PG,"Drama, Sport",A young single mother and textile worker agrees to help unionize her mill despite the problems and dangers involved.
66,267.All the President's Men(1976),138 min,PG,"Drama, History, Thriller",An in-depth examination of the ways in which the Vietnam War impacts and disrupts the lives of several friends in a small steel mill town in Pennsylvania.
67,268.Bound for Glory(1976),147 min,PG,"Biography, Drama, Music",
68,269.Network(1976),121 min,R,Drama,A woman whose husband is fighting in Vietnam falls in love with another man who suffered a paralyzing combat injury there.
69,270.Taxi Driver(1976),114 min,R,"Crime, Drama","A Los Angeles Rams quarterback, accidentally taken away from his body by an overanxious angel before he was meant to die, returns to life in the body of a recently murdered millionaire."
70,271.One Flew Over the Cuckoo's Nest(1975),133 min,R,Drama,"Billy Hayes, an American college student, is caught smuggling drugs out of Turkey and thrown into prison."
71,272.Barry Lyndon(1975),185 min,PG,"Adventure, Drama, War",A wealthy woman from Manhattan's Upper East Side struggles to deal with her new identity and her sexuality after her husband of 16 years leaves her for a younger woman.
72,273.Dog Day Afternoon(1975),125 min,R,"Biography, Crime, Drama","Alvy Singer, a divorced Jewish comedian, reflects on his relationship with ex-lover Annie Hall, an aspiring nightclub singer, which ended abruptly just like his previous marriages."
73,274.Jaws(1975),124 min,PG,"Adventure, Thriller",
74,275.Nashville(1975),160 min,R,"Comedy, Drama, Music","After being dumped by her live-in boyfriend, an unemployed dancer and her 10-year-old daughter are reluctantly forced to live with a struggling off-Broadway actor."
75,276.The Godfather Part II(1974),202 min,R,"Crime, Drama","At the behest of an old and dear friend, playwright Lillian Hellman undertakes a dangerous mission to smuggle funds into Nazi Germany."
76,277.Chinatown(1974),130 min,R,"Drama, Mystery, Thriller","Luke Skywalker joins forces with a Jedi Knight, a cocky pilot, a Wookiee and two droids to save the galaxy from the Empire's world-destroying battle station, while also attempting to rescue Princess Leia from the mysterious Darth Vader."
77,278.The Conversation(1974),113 min,PG,"Drama, Mystery, Thriller","When her daughter joins a ballet company, a former dancer is forced to confront her long-ago decision to give up the stage to have a family."
78,279.Lenny(1974),111 min,R,"Biography, Drama",A small-time Philadelphia boxer gets a supremely rare chance to fight the world heavyweight champion in a bout in which he strives to go the distance for his self-respect.
79,280.The Towering Inferno(1974),165 min,PG,"Action, Drama, Thriller",
80,281.The Sting(1973),129 min,PG,"Comedy, Crime, Drama","""The Washington Post"" reporters Bob Woodward and Carl Bernstein uncover the details of the Watergate scandal that leads to President Richard Nixon's resignation."
81,282.American Graffiti(1973),110 min,PG,"Comedy, Drama",The early life of Woody Guthrie as a vagabond folk singer.
82,283.Cries & Whispers(1972),91 min,R,Drama,"A television network cynically exploits a deranged former anchor's ravings and revelations about the news media for its own profit, but finds that his message may be difficult to control."
83,284.The Exorcist(1973),122 min,R,Horror,"A mentally unstable veteran works as a nighttime taxi driver in New York City, where the perceived decadence and sleaze fuels his urge for violent action."
84,285.A Touch of Class(1973),106 min,PG,"Comedy, Romance","A criminal pleads insanity and is admitted to a mental institution, where he rebels against the oppressive nurse and rallies up the scared patients."
85,286.The Godfather(1972),175 min,R,"Crime, Drama",
86,287.Cabaret(1972),124 min,PG,"Drama, Music, Musical",An Irish rogue wins the heart of a rich widow and assumes her dead husband's aristocratic position in 18th-century England.
87,288.Deliverance(1972),109 min,R,"Adventure, Drama, Thriller","Three amateur bank robbers plan to hold up a bank. A nice simple robbery: Walk in, take the money, and run. Unfortunately, the supposedly uncomplicated heist suddenly becomes a bizarre nightmare as everything that could go wrong does."
88,289.The Emigrants(1971),151 min,PG,"Drama, History","When a killer shark unleashes chaos on a beach community off Cape Cod, it's up to a local sheriff, a marine biologist, and an old seafarer to hunt the beast down."
89,290.Sounder(1972),105 min,G,"Drama, Family","Over the course of a few hectic days, numerous interrelated people prepare for a political convention."
90,291.The French Connection(1971),104 min,R,"Action, Crime, Drama","The early life and career of Vito Corleone in 1920s New York City is portrayed, while his son, Michael, expands and tightens his grip on the family crime syndicate."
91,292.A Clockwork Orange(1971),136 min,R,"Crime, Sci-Fi",
92,293.Fiddler on the Roof(1971),181 min,G,"Drama, Family, Musical","A private detective hired to expose an adulterer in 1930s Los Angeles finds himself caught up in a web of deceit, corruption, and murder."
93,294.The Last Picture Show(1971),118 min,R,"Drama, Romance","A paranoid, secretive surveillance expert has a crisis of conscience when he suspects that the couple he is spying on will be murdered."
94,295.Nicholas and Alexandra(1971),183 min,GP,"Biography, Drama, History","The story of acerbic 1960s comic Lenny Bruce, whose groundbreaking, no-holds-barred style and social commentary was often deemed by the Establishment as too obscene for the public."
95,296.Patton(1970),172 min,GP,"Biography, Drama, War","At the opening party of a colossal, but poorly constructed, office building, a massive fire breaks out that threatens to destroy the tower and everyone in it."
96,297.Airport(1970),137 min,G,"Action, Drama, Thriller",Two grifters team up to pull off the ultimate con.
97,298.Five Easy Pieces(1970),98 min,R,Drama,
98,299.Love Story(1970),100 min,PG,"Drama, Romance",A group of teenagers in California's central valley spend one final night after their 1962 high school graduation cruising the strip with their buddies before they pursue their varying goals.
99,300.MASH(1970),116 min,R,"Comedy, Drama, War","When a woman dying of cancer in early twentieth-century Sweden is visited by her two sisters, long-repressed feelings between the siblings rise to the surface."
0,301.Midnight Cowboy(1969),113 min,R,Drama,"A naive hustler travels from Texas to New York City to seek personal fortune, finding a new friend in the process."
1,302.Anne of the Thousand Days(1969),145 min,PG,"Biography, Drama, History",
2,303.Butch Cassidy and the Sundance Kid(1969),110 min,PG,"Biography, Crime, Drama","King Henry VIII of England discards one wife, Catharine of Aragon, who has failed to produce a male heir, in favor of the young and beautiful Anne Boleyn."
3,"304.Hello, Dolly!(1969)",146 min,G,"Adventure, Comedy, Musical","Wyoming, early 1900s. Butch Cassidy and The Sundance Kid are the leaders of a band of outlaws. After a train robbery goes wrong they find themselves on the run with a posse hard on their heels. Their solution - escape to Bolivia."
4,305.Z(1969),127 min,M/PG,"Crime, Drama, Thriller","Matchmaker Dolly Levi travels to Yonkers to find a partner for ""half-a-millionaire"" Horace Vandergelder, convincing his niece, his niece's intended, and his two clerks to travel to New York City along the way."
5,306.Oliver!(1968),153 min,G,"Drama, Family, Musical",The public murder of a prominent politician and doctor amid a violent demonstration is covered up by military and government officials. A tenacious magistrate is determined not to let them get away with it.
6,307.Funny Girl(1968),151 min,G,"Biography, Comedy, Drama","After being sold to a mortician, young orphan Oliver Twist runs away and meets a group of boys trained to be pickpockets by an elderly mentor in 1830s London."
7,308.The Lion in Winter(1968),134 min,PG,"Biography, Drama, History",
8,"309.Rachel, Rachel(1968)",101 min,R,"Drama, Romance","The life of Fanny Brice, famed comedienne and entertainer of the early 1900s. We see her rise to fame as a Ziegfeld girl, subsequent career, and her personal life, particularly her relationship with Nick Arnstein."
9,310.Romeo and Juliet(1968),138 min,PG,"Drama, Romance","1183 A.D.: King Henry II's three sons all want to inherit the throne, but he won't commit to a choice. When he allows his imprisoned wife Eleanor of Aquitaine out for a Christmas visit, they all variously plot to force him into a decision."
10,311.In the Heat of the Night(1967),110 min,Approved,"Drama, Mystery, Thriller","Rachel is a lonely school teacher who lives with her mother. When a man from the big city asks her out, she starts thinking about where she wants her life to go."
11,312.Bonnie and Clyde(1967),111 min,R,"Action, Biography, Crime","When two young members of feuding families meet, forbidden love ensues."
12,313.Doctor Dolittle(1967),152 min,Approved,"Adventure, Comedy, Family","A black Philadelphia police detective is mistakenly suspected of a local murder while passing through a racially hostile Mississippi town, and after being cleared is reluctantly asked by the police chief to investigate the case."
13,314.The Graduate(1967),106 min,PG,"Comedy, Drama, Romance",
14,315.Guess Who's Coming to Dinner(1967),108 min,Approved,"Comedy, Drama","Bored waitress Bonnie Parker falls in love with an ex-con named Clyde Barrow and together they start a violent crime spree through the country, stealing cars and robbing banks."
15,316.A Man for All Seasons(1966),120 min,G,"Biography, Drama, History","After the animal communicating veterinarian goes too far for his clientele, he and his friends escape their hometown to the sea in search of the Great Pink Sea Snail."
16,317.Alfie(1966),114 min,PG,"Comedy, Drama",A disillusioned college graduate finds himself torn between his older lover and her daughter.
17,318.The Russians Are Coming the Russians Are Coming(1966),126 min,Unrated,"Comedy, War",A couple's attitudes are challenged when their daughter introduces them to her African-American fiancé.
18,319.The Sand Pebbles(1966),182 min,PG-13,"Adventure, Drama, Romance","The story of Sir Thomas More, who stood up to King Henry VIII when the King rejected the Roman Catholic Church to obtain a divorce and remarry."
19,320.Who's Afraid of Virginia Woolf?(1966),131 min,Not Rated,Drama,
20,321.The Sound of Music(1965),172 min,G,"Biography, Drama, Family",An unrepentant ladies' man gradually begins to understand the consequences of his lifestyle.
21,322.Darling(1965),128 min,TV-MA,"Drama, Romance","Without hostile intent, a Soviet submarine runs aground off New England. Men are sent for a boat, but many villagers go into a tizzy, risking bloodshed."
22,323.Doctor Zhivago(1965),197 min,PG-13,"Drama, Romance, War","In 1926, a U.S. Naval engineer gets assigned to a gunboat on a rescue mission in war-torn China."
23,324.Ship of Fools(1965),149 min,Not Rated,"Drama, Romance, War","A bitter, aging couple, with the help of alcohol, use their young houseguests to fuel anguish and emotional pain towards each other over the course of a distressing night."
24,325.A Thousand Clowns(1965),118 min,Unrated,"Comedy, Drama, Romance",A young novitiate is sent by her convent in 1930s Austria to become a governess to the seven children of a widowed naval officer.
25,326.My Fair Lady(1964),170 min,G,"Drama, Family, Musical",
26,327.Becket(1964),148 min,PG-13,"Biography, Drama, History",Beautiful but amoral model Diana Scott sleeps her way to the top of the London fashion scene at the height of the Swinging Sixties.
27,328.Dr. Strangelove or: How I Learned to Stop Worrying and Love the Bomb(1964),95 min,PG,"Comedy, War","The life of a Russian physician and poet who, although married to another, falls in love with a political activist's wife and experiences hardship during World War I and then the October Revolution."
28,329.Mary Poppins(1964),139 min,G,"Comedy, Family, Fantasy",A varied group of passengers boarding a ship bound for pre-WWII Germany represents a microcosm of early 1930s society.
29,330.Zorba the Greek(1964),142 min,Not Rated,"Comedy, Drama","A middle-aged iconoclast, doggedly avoiding the tedium of employment and conventional life, faces the prospect of losing custody of his young ward."
30,331.Tom Jones(1963),129 min,Not Rated,"Adventure, Comedy, History","In 1910s London, snobbish phonetics professor Henry Higgins agrees to a wager that he can make crude flower girl, Eliza Doolittle, presentable in high society."
31,332.America America(1963),174 min,Approved,Drama,
32,333.Cleopatra(1963),192 min,G,"Biography, Drama, History","King Henry II of England comes to terms with his affection for his close friend and confidant Thomas Becket, who finds his true honor by observing God's divine will rather than the King's."
33,334.How the West Was Won(1962),164 min,G,Western,"An insane American general orders a bombing attack on the Soviet Union, triggering a path to nuclear holocaust that a war room full of politicians and generals frantically tries to stop."
34,335.Lilies of the Field(1963),94 min,Unrated,Drama,"In turn of the century London, a magical nanny employs music and adventure to help two neglected children become closer to their father."
35,336.Lawrence of Arabia(1962),218 min,Approved,"Adventure, Biography, Drama","An uptight English writer travelling to Crete, on a matter of business, finds his life changed forever when he meets the gregarious Alexis Zorba."
36,337.The Longest Day(1962),178 min,G,"Action, Drama, History",The romantic and chivalrous adventures of adopted bastard Tom Jones in 18th-century England.
37,338.The Music Man(1962),151 min,G,"Comedy, Family, Musical",
38,339.Mutiny on the Bounty(1962),178 min,Not Rated,"Adventure, Drama, History",A young Greek stops at nothing to secure a passage to America.
39,340.To Kill a Mockingbird(1962),129 min,Approved,"Crime, Drama",Queen Cleopatra VII of Egypt experiences both triumph and tragedy as she attempts to resist the imperial ambitions of Rome.
40,341.West Side Story(1961),153 min,Approved,"Crime, Drama, Musical","A family saga covering several decades of Westward expansion in the 19th century, including the Gold Rush, the Civil War, and the building of the railroads."
41,342.Fanny(1961),134 min,Approved,"Drama, Romance",A travelling handyman becomes the answer to the prayers of nuns who wish to build a chapel in the desert.
42,343.The Guns of Navarone(1961),158 min,Not Rated,"Action, Adventure, Drama","The story of T.E. Lawrence, the English officer who successfully united and led the diverse, often warring, Arab tribes during World War I in order to fight the Turks."
43,344.The Hustler(1961),134 min,Not Rated,"Drama, Sport",
44,345.Judgment at Nuremberg(1961),179 min,Approved,"Drama, War","The events of D-Day, told on a grand scale from both the Allied and German points of view."
45,346.The Apartment(1960),125 min,Approved,"Comedy, Drama, Romance",Traveling con artist Harold Hill targets the naïve residents of a small town in 1910s Iowa by posing as a boys' band leader to raise money before he can skip town.
46,347.The Alamo(1960),162 min,Passed,"Adventure, Drama, History","In 1787, British ship Bounty leaves Portsmouth to bring a cargo of bread-fruit from Tahiti but the savage on-board conditions imposed by Captain Bligh trigger a mutiny led by officer Fletcher Christian."
47,348.Elmer Gantry(1960),146 min,Approved,Drama,"Atticus Finch, a widowed lawyer in Depression-era Alabama, defends a black man against an undeserved rape charge, and his children against prejudice."
48,349.Sons and Lovers(1960),103 min,Approved,Drama,"Two youngsters from rival New York City gangs fall in love, but tensions between their respective friends build toward tragedy."
49,350.The Sundowners(1960),133 min,Passed,Drama,
50,351.Ben-Hur(1959),212 min,G,"Adventure, Drama","Young Marius dreams of leaving his dull provincial life and seeing the world. When the beautiful Fanny declares her adoration for him, Marius must choose between an adventurous life at sea and the grandest adventure of all: love."
51,352.Anatomy of a Murder(1959),161 min,Not Rated,"Drama, Mystery","A team of Allied saboteurs are assigned an impossible mission: infiltrate an impregnable Nazi-held Greek island and destroy the two enormous long-range field guns that prevent the rescue of 2,000 trapped British soldiers."
52,353.The Diary of Anne Frank(1959),180 min,Approved,"Biography, Drama, Family",An up-and-coming pool player plays a long-time champion in a single high-stakes match.
53,354.The Nun's Story(1959),149 min,Not Rated,Drama,"In 1948, an American court in occupied Germany tries four Nazis judged for war crimes."
54,355.Room at the Top(1958),115 min,Not Rated,"Drama, Romance","A Manhattan insurance clerk tries to rise in his company by letting its executives use his apartment for trysts, but complications and a romance of his own ensue."
55,356.Gigi(1958),115 min,G,"Comedy, Musical, Romance",
56,357.Auntie Mame(1958),143 min,Approved,"Comedy, Drama, Romance","In 1836, a small band of soldiers sacrifice their lives in hopeless combat against a massive army in order to prevent a tyrant from smashing the new Republic of Texas."
57,358.Cat on a Hot Tin Roof(1958),108 min,Not Rated,Drama,"A fast-talking traveling salesman with a charming, loquacious manner convinces a sincere evangelist that he can be an effective preacher for her cause."
58,359.The Defiant Ones(1958),96 min,Not Rated,"Crime, Drama",A young man with artistic talent lives in a close-knit coal-mining town and finds himself inhibited by his emotionally manipulative mother.
59,360.Separate Tables(1958),100 min,Approved,"Drama, Romance","In Australia's Outback during the early twentieth century, the impoverished Carmody family lives a nomadic life out of their wagon, but the mom and son want to settle, while the dad is against it."
60,361.The Bridge on the River Kwai(1957),161 min,PG,"Adventure, Drama, War","After a Jewish prince is betrayed and sent into slavery by a Roman friend in 1st-century Jerusalem, he regains his freedom and comes back for revenge."
61,362.Peyton Place(1957),157 min,Approved,"Drama, Romance",
62,363.Sayonara(1957),147 min,Not Rated,"Drama, Romance","An upstate Michigan lawyer defends a soldier who claims he killed an innkeeper due to temporary insanity after the victim raped his wife. What is the truth, and will he win his case?"
63,364.12 Angry Men(1957),96 min,Approved,"Crime, Drama","During World War II, a teenage Jewish girl named Anne Frank and her family are forced into hiding in the Nazi-occupied Netherlands."
64,365.Witness for the Prosecution(1957),116 min,Approved,"Crime, Drama, Mystery","After leaving a wealthy Belgian family to become a nun, Sister Luke struggles with her devotion to her vows during crisis, disappointment, and World War II."
65,366.Around the World in 80 Days(1956),175 min,G,"Adventure, Comedy, Family",An ambitious young accountant plots to wed a wealthy factory owner's daughter despite falling in love with a married older woman.
66,367.Friendly Persuasion(1956),137 min,Passed,"Drama, Family, Romance","Weary of the conventions of Parisian society, a rich playboy and a youthful courtesan-in-training enjoy a platonic friendship which may not stay platonic for long."
67,368.Giant(1956),201 min,G,"Drama, Western",
68,369.The King and I(1956),133 min,G,"Biography, Drama, Musical",An orphan goes to live with his free-spirited aunt. Conflict ensues when the executor of his father's estate objects to the aunt's lifestyle.
69,370.The Ten Commandments(1956),220 min,G,"Adventure, Drama, Family",Brick is an alcoholic ex-football player who drinks his days away and resists the affections of his wife. A reunion with his terminal father jogs a host of memories and revelations for both father and son.
70,371.Marty(1955),90 min,Not Rated,"Drama, Romance","Two escaped convicts chained together, white and black, must learn to get along in order to elude capture."
71,372.Love Is a Many-Splendored Thing(1955),102 min,Approved,"Biography, Drama, Romance","The stories of several people are told as they stay at a seaside hotel in Bournemouth which features dining at ""Separate Tables."""
72,373.Mister Roberts(1955),123 min,Passed,"Comedy, Drama, War","British POWs are forced to build a railway bridge across the river Kwai for their Japanese captors in occupied Burma, not knowing that the allied forces are planning a daring commando raid through the jungle to destroy it."
73,374.Picnic(1955),115 min,Approved,"Drama, Romance",
74,375.The Rose Tattoo(1955),117 min,Unrated,"Comedy, Drama, Romance",A peaceful New England town hides secrets and scandals.
75,376.On the Waterfront(1954),108 min,Approved,"Crime, Drama, Thriller",A US Air Force major in Kobe confronts his own opposition to marriages between American servicemen and Japanese women when he falls for a beautiful performer.
76,377.The Caine Mutiny(1954),124 min,Not Rated,"Drama, War",The jury in a New York City murder trial is frustrated by a single member whose skeptical caution forces them to more carefully consider the evidence before jumping to a hasty verdict.
77,378.The Country Girl(1954),104 min,Unrated,"Drama, Music",A veteran British barrister must defend his client in a murder trial that has surprise after surprise.
78,379.Seven Brides for Seven Brothers(1954),102 min,Approved,"Comedy, Drama, Musical",A Victorian Englishman bets that with the new steamships and railways he can circumnavigate the globe in eighty days.
79,380.Three Coins in the Fountain(1954),102 min,Approved,"Drama, Romance",
80,381.From Here to Eternity(1953),118 min,Passed,"Drama, Romance, War",The pacifist attitude of a Quaker family is tested as a result of the American Civil War.
81,382.Julius Caesar(1953),120 min,Not Rated,"Drama, History",Sprawling epic covering the life of a Texas cattle rancher and his family and associates.
82,383.The Robe(1953),135 min,Unrated,Drama,A widow accepts a job as a live-in governess to the King of Siam's children.
83,384.Roman Holiday(1953),118 min,Passed,"Comedy, Romance","Moses, raised as a prince of Egypt in the Pharaoh's household, learns of his true heritage as a Hebrew and his divine mission as the deliverer of his people from slavery."
84,385.Shane(1953),118 min,Not Rated,"Drama, Western",A middle-aged butcher and a school teacher who have given up on the idea of love meet at a dance and fall for each other.
85,386.The Greatest Show on Earth(1952),152 min,Passed,"Drama, Family, Romance",
86,387.High Noon(1952),85 min,PG,"Drama, Thriller, Western",A widowed Chinese-English doctor falls in love with a married American correspondent in Hong Kong during China's Communist revolution.
87,388.Ivanhoe(1952),106 min,Approved,"Adventure, Drama, Romance","In the waning days of World War II, the cargo officer of a Navy supply ship chafes at its role far from the action in the Pacific's backwater areas, his frustration rising when its captain denies the crew liberty over petty irritations."
88,389.Moulin Rouge(1952),119 min,Not Rated,"Biography, Drama, Music",Emotions are ignited amongst the complacent townsfolk when a handsome drifter arrives in a small Kansas community on the morning of the Labour Day picnic.
89,390.The Quiet Man(1952),129 min,Passed,"Comedy, Drama, Romance",A Sicilian seamstress who idolizes her husband must deal with several family crises upon his sudden death.
90,391.An American in Paris(1951),114 min,Passed,"Drama, Musical, Romance","An ex-prize fighter turned New Jersey longshoreman struggles to stand up to his corrupt union bosses, including his older brother, as he starts to connect with the grieving sister of one of the syndicate's victims."
91,392.Decision Before Dawn(1951),119 min,Not Rated,"Drama, War",
92,393.A Place in the Sun(1951),122 min,Passed,"Drama, Romance","When a U.S. Naval captain shows signs of mental instability that jeopardizes the ship, the first officer relieves him of command and faces court martial for mutiny."
93,394.Quo Vadis(1951),171 min,Not Rated,"Biography, Drama, History","A director hires an alcoholic has-been and strikes up a stormy relationship with the actor's wife, who he believes is the cause of all the man's problems."
94,395.A Streetcar Named Desire(1951),122 min,PG,Drama,"In 1850 Oregon, when a backwoodsman brings a wife home to his farm, his six brothers decide that they want to get married too."
95,396.All About Eve(1950),138 min,Passed,Drama,"Three American women working in Rome, Italy, share a spacious apartment and the desire to find love and marriage, each experiencing a few bumps in their journeys to romance."
96,397.Born Yesterday(1950),103 min,Not Rated,"Comedy, Drama, Romance","At a U.S. Army base in 1941 Hawaii, a private is cruelly punished for not boxing on his unit's team, while his commanding officer's wife and top aide begin a tentative affair."
97,398.Father of the Bride(1950),92 min,Not Rated,"Comedy, Romance",
98,399.King Solomon's Mines(1950),103 min,Passed,"Action, Adventure, Romance",The growing ambition of Julius Caesar is a source of major concern to his close friend Brutus. Cassius persuades him to participate in his plot to assassinate Caesar but they have both sorely underestimated Mark Antony.
99,400.Sunset Blvd.(1950),110 min,Passed,"Drama, Film-Noir","In the Roman province of Judea during the 1st century, Roman tribune Marcellus Gallio is ordered to crucify Jesus of Nazareth but is tormented by his guilty conscience afterwards."
0,401.All the King's Men(1949),110 min,Approved,"Drama, Film-Noir","The rise and fall of a corrupt politician, who makes his friends richer and retains power by dint of a populist appeal."
1,402.Battleground(1949),118 min,Approved,"Action, Drama, History",
2,403.The Heiress(1949),115 min,Not Rated,"Drama, Romance","True tale about a squad of the 101st Airborne Division coping with being trapped by the Germans in the besieged city of Bastogne, Belgium during the Battle of the Bulge in December of 1944."
3,404.A Letter to Three Wives(1949),103 min,Passed,"Comedy, Drama, Romance",A young naive woman falls for a handsome young man who her emotionally abusive father suspects is a fortune hunter.
4,405.Twelve O'Clock High(1949),132 min,Not Rated,"Drama, War","A letter is addressed to three wives from their ""best friend"" Addie Ross, announcing that she is running away with one of their husbands - but she does not say which one."
5,406.Hamlet(1948),154 min,Approved,Drama,A hard-as-nails general (Gregory Peck as General Savage) takes over a B-17 bomber unit suffering from low morale and whips them into fighting shape.
6,407.Johnny Belinda(1948),102 min,Unrated,Drama,"Prince Hamlet struggles over whether or not he should kill his uncle, whom he suspects has murdered his father, the former king."
7,408.The Red Shoes(1948),135 min,Not Rated,"Drama, Music, Romance",
8,409.The Snake Pit(1948),108 min,Approved,"Drama, Mystery","A kind doctor volunteers to tutor a deaf-mute woman, but scandal starts to swirl when his pupil is raped and falls pregnant."
9,410.The Treasure of the Sierra Madre(1948),126 min,Passed,"Adventure, Drama, Western",A young ballet dancer is torn between the man she loves and her pursuit to become a prima ballerina.
10,411.Gentleman's Agreement(1947),118 min,Not Rated,"Drama, Romance",A detailed chronicle of a woman during her stay in a mental institution.
11,412.The Bishop's Wife(1947),109 min,Not Rated,"Comedy, Drama, Fantasy",Two down-on-their-luck Americans searching for work in 1920s Mexico convince an old prospector to help them mine for gold in the Sierra Madre Mountains.
12,413.Crossfire(1947),86 min,Approved,"Crime, Drama, Film-Noir","A reporter pretends to be Jewish in order to cover a story on anti-Semitism, and personally discovers the true depths of bigotry and hatred."
13,414.Great Expectations(1946),118 min,Approved,"Adventure, Drama, Mystery",
14,415.Miracle on 34th Street(1947),96 min,Not Rated,"Comedy, Drama, Family",A debonair angel comes to Earth to help an Episcopalian bishop and his wife in their quest to raise money for the new church.
15,416.The Best Years of Our Lives(1946),170 min,Approved,"Drama, Romance, War","A man is murdered, apparently by one of a group of demobilized soldiers he met in a bar. But which one? And why?"
16,417.Henry V(1944),137 min,Not Rated,"Biography, Drama, History","A humble orphan boy in 1810s Kent is given the opportunity to go to London and become a gentleman, with the help of an unknown benefactor."
17,418.It's a Wonderful Life(1946),130 min,PG,"Drama, Family, Fantasy","After a divorced New York mother hires a nice old man to play Santa Claus at Macy's, she is startled by his claim to be the genuine article. When his sanity is questioned, a lawyer defends him in court by arguing that he's not mistaken."
18,419.The Razor's Edge(1946),145 min,Approved,"Drama, Romance","Three World War II veterans, two of them traumatized or disabled, return home to the American midwest to discover that they and their families have been irreparably changed."
19,420.The Yearling(1946),128 min,Approved,"Drama, Family, Western",
20,421.The Lost Weekend(1945),101 min,Passed,"Drama, Film-Noir","In the midst of the Hundred Years' War, the young King Henry V of England embarks on the conquest of France in 1415."
21,422.Anchors Aweigh(1945),140 min,Passed,"Comedy, Fantasy, Musical",An angel is sent from Heaven to help a desperately frustrated businessman by showing him what life would have been like if he had never existed.
22,423.The Bells of St. Mary's(1945),126 min,Unrated,Drama,"An adventuresome young man goes off to find himself and loses his socialite fiancée in the process. But when he returns 10 years later, she will stop at nothing to get him back, even though she is already married."
23,424.Mildred Pierce(1945),111 min,Approved,"Crime, Drama, Film-Noir","A boy persuades his parents to allow him to adopt a young deer, but what will happen if the deer misbehaves?"
24,425.Spellbound(1945),111 min,Approved,"Film-Noir, Mystery, Romance",The desperate life of a chronic alcoholic is followed through a four-day drinking bout.
25,426.Going My Way(1944),126 min,Passed,"Comedy, Drama, Music",
26,427.Double Indemnity(1944),107 min,Passed,"Crime, Drama, Film-Noir",A pair of sailors on leave try to help a movie extra become a singing star.
27,428.Gaslight(1944),114 min,Passed,"Crime, Drama, Mystery","At a big city Catholic school, Father O'Malley and Sister Benedict indulge in friendly rivalry, and succeed in extending the school through the gift of a building."
28,429.Since You Went Away(1944),177 min,Approved,"Drama, Romance, War",A hard-working mother inches towards disaster as she divorces her husband and starts a successful restaurant business to support her spoiled daughter.
29,430.Wilson(1944),154 min,Passed,"Biography, Drama, History",A psychiatrist protects the identity of an amnesia patient accused of murder while attempting to recover his memory.
30,431.Casablanca(1942),102 min,PG,"Drama, Romance, War","When young Father O'Malley arrives at St. Dominic's, old Father Fitzgibbon doesn't think much of the church's newest member."
31,432.For Whom the Bell Tolls(1943),170 min,Passed,"Adventure, Drama, History",
32,433.Heaven Can Wait(1943),112 min,Passed,"Comedy, Drama, Fantasy","A Los Angeles insurance representative lets an alluring housewife seduce him into a scheme of insurance fraud and murder that arouses the suspicion of his colleague, an insurance investigator."
33,434.The Human Comedy(1943),117 min,Passed,"Comedy, Drama, Family","Ten years after her aunt was murdered in their London home, a woman returns from Italy in the 1880s to resume residence with her new husband. His obsessive interest in the home rises from a secret that may require driving his wife insane."
34,435.In Which We Serve(1942),115 min,Not Rated,"Drama, War","With her husband away to fight in World War II, a housewife must care for their two daughters alone."
35,436.Madame Curie(1943),124 min,Passed,"Biography, Drama, Romance",A chronicle of the political career of US President Woodrow Wilson.
36,437.The More the Merrier(1943),104 min,Passed,Comedy,A cynical expatriate American cafe owner struggles to decide whether or not to help his former lover and her fugitive husband escape the Nazis in French Morocco.
37,438.The Ox-Bow Incident(1942),75 min,Passed,"Drama, Western",
38,439.The Song of Bernadette(1943),156 min,Approved,"Biography, Drama","During the Spanish Civil War, an American allied with the Republicans finds romance during a desperate mission to blow up a strategically important bridge."
39,440.Watch on the Rhine(1943),114 min,Approved,"Drama, Thriller","An old roué arrives in Hades to review his life with Satan, who will rule on his eligibility to enter the Underworld."
40,441.Mrs. Miniver(1942),134 min,Not Rated,"Drama, Romance, War",Teenager Homer Macauley stays at home in small-town Ithaca to support his family while his older brother Marcus prepares to go to war.
41,442.49th Parallel(1941),123 min,Not Rated,"Drama, Thriller, War","This ""story of a ship"", the British destroyer H.M.S. Torrin, is told in flashbacks by survivors as they cling to a life raft."
42,443.Kings Row(1942),127 min,Passed,Drama,"Despite himself, accomplished physicist and avowed bachelor Pierre Curie falls for brilliant student Marie, and together they embark on the discovery of radium."
43,444.The Magnificent Ambersons(1942),88 min,Not Rated,"Drama, Romance","During the World War II housing shortage in Washington, two men and a woman share a single apartment and the older man plays Cupid to the other two."
44,445.The Pied Piper(1942),87 min,Approved,"Drama, War","When a posse captures three men suspected of killing a local farmer, they become strongly divided over whether or not to lynch the men."
45,446.The Pride of the Yankees(1942),128 min,Passed,"Biography, Drama, Romance","14-year-old Bernadette Soubirous, living in a small town in the south of 1850s France, claims to have seen a divine vision, prompting extreme skepticism, concern from her family, and religious and political turmoil."
46,447.Random Harvest(1942),126 min,Approved,"Drama, Romance","A German-born engineer, his American wife and their children travel from Mexico to the United States to visit her family but their plans are complicated by a Romanian count."
47,448.The Talk of the Town(1942),118 min,Passed,"Comedy, Drama, Romance",A British family struggles to survive the first months of World War II.
48,449.Wake Island(1942),88 min,Passed,"Action, Drama, War",
49,450.Yankee Doodle Dandy(1942),126 min,Passed,"Biography, Drama, Family","A World War II U-boat crew are stranded in northern Canada. To avoid internment, they must make their way to the border and get into the still-neutral U.S."
50,451.How Green Was My Valley(1941),118 min,Approved,"Drama, Family",The dark side and hypocrisy of provincial American life is seen through the eyes of five children as they grow to adulthood at the turn of the century.
51,452.Blossoms in the Dust(1941),99 min,PG,"Biography, Drama, Romance",The spoiled young heir to the decaying Amberson fortune comes between his widowed mother and the man she has always loved.
52,453.Citizen Kane(1941),119 min,Passed,"Drama, Mystery","While traveling in France during the Nazi invasion of 1940, an Englishman is entrusted with the care of a group of refugee children."
53,454.Here Comes Mr. Jordan(1941),94 min,Passed,"Comedy, Fantasy, Romance",The story of the life and career of famed baseball player Lou Gehrig.
54,455.Hold Back the Dawn(1941),116 min,Approved,"Drama, Romance","An amnesiac World War I veteran falls in love with a music hall star, only to suffer an accident which restores his original memories but erases his post-war life."
55,456.The Little Foxes(1941),116 min,Passed,"Drama, Romance",An escaped prisoner has to prove his innocence to a stuffy law professor with the help of a spirited school teacher.
56,457.The Maltese Falcon(1941),100 min,Approved,"Crime, Film-Noir, Mystery","December, With no hope of relief or re-supply, a small band of United States Marines tries to keep the Japanese Navy from capturing their island base."
57,458.One Foot in Heaven(1941),108 min,Passed,"Biography, Drama","The life of the renowned musical composer, playwright, actor, dancer, and singer George M. Cohan."
58,459.Sergeant York(1941),134 min,Approved,"Biography, Drama, History","At the turn of the century in a Welsh mining village, the Morgans, he stern, she gentle, raise coal-mining sons and hope their youngest will find a better life."
59,460.Suspicion(1941),99 min,Approved,"Film-Noir, Mystery, Thriller",
60,461.Rebecca(1940),130 min,Approved,"Drama, Film-Noir, Mystery","After losing her young son, Edna Gladney opposes the unfair laws discriminating against children whose parents are unknown, and opens an orphanage for those children."
61,"462.All This, and Heaven Too(1940)",141 min,Passed,"Drama, Romance","Following the death of publishing tycoon Charles Foster Kane, reporters scramble to uncover the meaning of his final utterance: 'Rosebud.'"
62,463.Foreign Correspondent(1940),120 min,Passed,"Action, Romance, Thriller","Boxer Joe Pendleton dies 50 years too soon due to a heavenly mistake, and is given a new life as a millionaire playboy."
63,464.The Grapes of Wrath(1940),129 min,G,Drama,"Stopped in Mexico by U.S. Immigration, Georges Iscovescu hopes to get into the country by marrying a citizen."
64,465.The Great Dictator(1940),125 min,Passed,"Comedy, Drama, War","The ruthless, moneyed Hubbard clan lives in, and poisons, their part of the deep South at the turn of the twentieth century."
65,466.Kitty Foyle(1940),108 min,Not Rated,"Drama, Romance","San Francisco private detective Sam Spade takes on a case that involves him with three eccentric criminals, a gorgeous liar, and their quest for a priceless statuette, with the stakes rising after his partner is murdered."
66,467.The Letter(1940),95 min,Approved,"Crime, Drama, Film-Noir",Episodic look at the life of a minister and his family as they move from one parish to another.
67,468.The Long Voyage Home(1940),105 min,Not Rated,"Drama, War","A Tennessee farmer and marksman is drafted in World War I, and struggles with his pacifist inclinations before becoming one of the most celebrated war heroes."
68,469.Our Town(1940),90 min,Not Rated,"Drama, Family, Romance","A shy young heiress marries a charming gentleman, and soon begins to suspect he is planning to murder her."
69,470.The Philadelphia Story(1940),112 min,Passed,"Comedy, Romance",A self-conscious woman juggles adjusting to her new role as an aristocrat's wife and avoiding being intimidated by his first wife's spectral presence.
70,471.Gone with the Wind(1939),238 min,Approved,"Drama, Romance, War",
71,472.Dark Victory(1939),104 min,Unrated,"Drama, Romance",A duchess' irrational behavior toward her children's governess triggers tragic events that will change her family's lives forever.
72,"473.Goodbye, Mr. Chips(1939)",114 min,Approved,"Drama, Romance","On the eve of World War II, a young American reporter tries to expose enemy agents in London."
73,474.Love Affair(1939),88 min,Passed,"Drama, Romance","An Oklahoma family, driven off their farm by the poverty and hopelessness of the Dust Bowl, joins the westward migration to California, suffering the misfortunes of the homeless in the Great Depression."
74,475.Mr. Smith Goes to Washington(1939),129 min,Not Rated,"Comedy, Drama",Dictator Adenoid Hynkel tries to expand his empire while a poor Jewish barber tries to avoid persecution from Hynkel's regime.
75,476.Ninotchka(1939),110 min,Passed,"Comedy, Romance","A hard-working, white-collar girl from a middle-class family meets and falls in love with a young socialite, but she soon clashes with his family."
76,477.Of Mice and Men(1939),106 min,Passed,"Adventure, Drama","The wife of a rubber plantation administrator shoots a man to death and claims it was self-defense, but a letter in her own hand may prove her undoing."
77,478.Stagecoach(1939),96 min,PG,"Adventure, Drama, Western",A merchant ship's crew tries to survive the loneliness of the sea and the coming of war.
78,479.The Wizard of Oz(1939),102 min,Not Rated,"Adventure, Family, Fantasy",Change comes slowly to a small New Hampshire town in the early 20th century.
79,480.Wuthering Heights(1939),104 min,,"Drama, Romance","When a rich woman's ex-husband and a tabloid-type reporter turn up just before her planned remarriage, she begins to learn the truth about herself."
