,film,producer,release_year
0,Wings,Famous Players-Lasky,1927
1,7th Heaven,Fox,1927
2,The Racket,The Caddo Company,1927
3,The Broadway Melody,Metro-Goldwyn-Mayer,1928
4,Alibi,Feature Productions,1928
5,Hollywood Revue,Metro-Goldwyn-Mayer,1928
6,In Old Arizona,Fox,1928
7,The Patriot,Paramount Famous Lasky,1928
8,All Quiet on the Western Front,Universal,1929
9,The Big House,Cosmopolitan,1929
10,Disraeli,Warner Bros.,1929
11,The Divorcee,Metro-Goldwyn-Mayer,1929
12,The Love Parade,Paramount Famous Lasky,1929
13,Cimarron,RKO Radio,1930
14,East Lynne,Fox,1930
15,The Front Page,The Caddo Company,1930
16,Skippy,Paramount Publix,1930
17,Trader Horn,Metro-Goldwyn-Mayer,1930
18,Grand Hotel,Metro-Goldwyn-Mayer,1931
19,Arrowsmith,Samuel Goldwyn Productions,1931
20,Bad Girl,Fox,1931
21,The Champ,Metro-Goldwyn-Mayer,1931
22,Five Star Final,First National,1931
23,One Hour with You,Paramount Publix,1931
24,Shanghai Express,Paramount Publix,1931
25,The Smiling Lieutenant,Paramount Publix,1931
26,Cavalcade,Fox,1932
27,42nd Street,Warner Bros.,1932
28,A Farewell to Arms,Paramount,1932
29,I Am a Fugitive from a Chain Gang,Warner Bros.,1932
30,Lady for a Day,Columbia,1932
31,Little Women,RKO Radio,1932
32,The Private Life of Henry VIII,London Films,1932
33,She Done Him Wrong,Paramount,1932
34,Smilin' Through,Metro-Goldwyn-Mayer,1932
35,State Fair,Fox,1932
36,It Happened One Night,Columbia,1934
37,The Barretts of Wimpole Street,Metro-Goldwyn-Mayer,1934
38,Cleopatra,Paramount,1934
39,Flirtation Walk,First National,1934
40,The Gay Divorcee,RKO Radio,1934
41,Here Comes the Navy,Warner Bros.,1934
42,The House of Rothschild,20th Century,1934
43,Imitation of Life,Universal,1934
44,One Night of Love,Columbia,1934
45,The Thin Man,Metro-Goldwyn-Mayer,1934
46,Viva Villa!,Metro-Goldwyn-Mayer,1934
47,The White Parade,Jesse L. Lasky (production company),1934
48,Mutiny on the Bounty,Metro-Goldwyn-Mayer,1935
49,Alice Adams,RKO Radio,1935
50,Broadway Melody of 1936,Metro-Goldwyn-Mayer,1935
51,Captain Blood,Cosmopolitan,1935
52,David Copperfield,Metro-Goldwyn-Mayer,1935
53,The Informer,RKO Radio,1935
54,The Lives of a Bengal Lancer,Paramount,1935
55,A Midsummer Night's Dream,Warner Bros.,1935
56,Les Misérables,20th Century,1935
57,Naughty Marietta,Metro-Goldwyn-Mayer,1935
58,Ruggles of Red Gap,Paramount,1935
59,Top Hat,RKO Radio,1935
60,The Great Ziegfeld,Metro-Goldwyn-Mayer,1936
61,Anthony Adverse,Warner Bros.,1936
62,Dodsworth,Samuel Goldwyn Productions,1936
63,Libeled Lady,Metro-Goldwyn-Mayer,1936
64,Mr. Deeds Goes to Town,Columbia,1936
65,Romeo and Juliet,Metro-Goldwyn-Mayer,1936
66,San Francisco,Metro-Goldwyn-Mayer,1936
67,The Story of Louis Pasteur,Cosmopolitan,1936
68,A Tale of Two Cities,Metro-Goldwyn-Mayer,1936
69,Three Smart Girls,Universal,1936
70,The Life of Emile Zola,Warner Bros.,1937
71,The Awful Truth,Columbia,1937
72,Captains Courageous,Metro-Goldwyn-Mayer,1937
73,Dead End,Samuel Goldwyn Productions,1937
74,The Good Earth,Metro-Goldwyn-Mayer,1937
75,In Old Chicago,20th Century-Fox,1937
76,Lost Horizon,Columbia,1937
77,One Hundred Men and a Girl,Universal,1937
78,Stage Door,RKO Radio,1937
79,A Star Is Born,Selznick International Pictures,1937
80,You Can't Take It with You,Columbia,1938
81,The Adventures of Robin Hood,Warner Bros.-First National,1938
82,Alexander's Ragtime Band,20th Century-Fox,1938
83,Boys Town,Metro-Goldwyn-Mayer,1938
84,The Citadel,Metro-Goldwyn-Mayer,1938
85,Four Daughters,Warner Bros.-First National,1938
86,Grand Illusion,Realization D'Art Cinematographique,1938
87,Jezebel,Warner Bros.,1938
88,Pygmalion,Metro-Goldwyn-Mayer,1938
89,Test Pilot,Metro-Goldwyn-Mayer,1938
90,Gone with the Wind,Selznick International Pictures,1939
91,Dark Victory,Warner Bros.-First National,1939
92,"Goodbye, Mr. Chips",Metro-Goldwyn-Mayer,1939
93,Love Affair,RKO Radio,1939
94,Mr. Smith Goes to Washington,Columbia,1939
95,Ninotchka,Metro-Goldwyn-Mayer,1939
96,Of Mice and Men,Hal Roach (production company),1939
97,Stagecoach,Walter Wanger (production company),1939
98,The Wizard of Oz,Metro-Goldwyn-Mayer,1939
99,Wuthering Heights,Samuel Goldwyn Productions,1939
100,Rebecca,Selznick International Pictures,1940
101,"All This, and Heaven Too",Warner Bros.,1940
102,Foreign Correspondent,Walter Wanger (production company),1940
103,The Grapes of Wrath,20th Century-Fox,1940
104,The Great Dictator,Charles Chaplin Productions,1940
105,Kitty Foyle,RKO Radio,1940
106,The Letter,Warner Bros.,1940
107,The Long Voyage Home,Argosy-Wanger,1940
108,Our Town,Sol Lesser (production company),1940
109,The Philadelphia Story,Metro-Goldwyn-Mayer,1940
110,How Green Was My Valley,20th Century-Fox,1941
111,Blossoms in the Dust,Metro-Goldwyn-Mayer,1941
112,Citizen Kane,Mercury,1941
113,Here Comes Mr. Jordan,Columbia,1941
114,Hold Back the Dawn,Paramount,1941
115,The Little Foxes,Samuel Goldwyn Productions,1941
116,The Maltese Falcon,Warner Bros.,1941
117,One Foot in Heaven,Warner Bros.,1941
118,Sergeant York,Warner Bros.,1941
119,Suspicion,RKO Radio,1941
120,Mrs. Miniver,Metro-Goldwyn-Mayer,1942
121,49th Parallel[33],Ortus,1942
122,Kings Row,Warner Bros.,1942
123,The Magnificent Ambersons,Mercury,1942
124,The Pied Piper,20th Century-Fox,1942
125,The Pride of the Yankees,Samuel Goldwyn Productions,1942
126,Random Harvest,Metro-Goldwyn-Mayer,1942
127,The Talk of the Town,Columbia,1942
128,Wake Island,Paramount,1942
129,Yankee Doodle Dandy,Warner Bros.,1942
130,Casablanca,Warner Bros.,1943
131,For Whom the Bell Tolls,Paramount,1943
132,Heaven Can Wait,20th Century-Fox,1943
133,The Human Comedy,Metro-Goldwyn-Mayer,1943
134,In Which We Serve,Two Cities Films,1943
135,Madame Curie,Metro-Goldwyn-Mayer,1943
136,The More the Merrier,Columbia,1943
137,The Ox-Bow Incident,20th Century-Fox,1943
138,The Song of Bernadette,20th Century-Fox,1943
139,Watch on the Rhine,Warner Bros.,1943
140,Going My Way,Paramount,1944
141,Double Indemnity,Paramount,1944
142,Gaslight,Metro-Goldwyn-Mayer,1944
143,Since You Went Away,Selznick International Pictures,1944
144,Wilson,20th Century-Fox,1944
145,The Lost Weekend,Paramount,1945
146,Anchors Aweigh,Metro-Goldwyn-Mayer,1945
147,The Bells of St. Mary's,Rainbow Productions,1945
148,Mildred Pierce,Warner Bros.,1945
149,Spellbound,Selznick International Pictures,1945
150,The Best Years of Our Lives,Samuel Goldwyn Productions,1946
151,Henry V,Two Cities Films,1946
152,It's a Wonderful Life,Liberty Films,1946
153,The Razor's Edge,20th Century-Fox,1946
154,The Yearling,Metro-Goldwyn-Mayer,1946
155,Gentleman's Agreement,20th Century-Fox,1947
156,The Bishop's Wife,Samuel Goldwyn Productions,1947
157,Crossfire,RKO Radio,1947
158,Great Expectations,J. Arthur Rank-Cineguild,1947
159,Miracle on 34th Street,20th Century-Fox,1947
160,Hamlet,J. Arthur Rank-Two Cities Films,1948
161,Johnny Belinda,Warner Bros.,1948
162,The Red Shoes,J. Arthur Rank-Archers,1948
163,The Snake Pit,20th Century-Fox,1948
164,The Treasure of the Sierra Madre,Warner Bros.,1948
165,All the King's Men,Columbia,1949
166,Battleground,Metro-Goldwyn-Mayer,1949
167,The Heiress,Paramount,1949
168,A Letter to Three Wives,20th Century-Fox,1949
169,Twelve O'Clock High,20th Century-Fox,1949
170,All About Eve,20th Century-Fox,1950
171,Born Yesterday,Columbia,1950
172,Father of the Bride,Metro-Goldwyn-Mayer,1950
173,King Solomon's Mines,Metro-Goldwyn-Mayer,1950
174,Sunset Boulevard,Paramount,1950
175,An American in Paris,Arthur Freed,1951
176,Decision Before Dawn,Anatole Litvak and Frank McCarthy,1951
177,A Place in the Sun,George Stevens,1951
178,Quo Vadis,Sam Zimbalist,1951
179,A Streetcar Named Desire,Charles K. Feldman,1951
180,The Greatest Show on Earth,Cecil B. DeMille,1952
181,High Noon,Stanley Kramer,1952
182,Ivanhoe,Pandro S. Berman,1952
183,Moulin Rouge,John and James Woolf,1952
184,The Quiet Man,John Ford and Merian C. Cooper,1952
185,From Here to Eternity,Buddy Adler,1953
186,Julius Caesar,John Houseman,1953
187,The Robe,Frank Ross,1953
188,Roman Holiday,William Wyler,1953
189,Shane,George Stevens,1953
190,On the Waterfront,Sam Spiegel,1954
191,The Caine Mutiny,Stanley Kramer,1954
192,The Country Girl,William Perlberg,1954
193,Seven Brides for Seven Brothers,Jack Cummings,1954
194,Three Coins in the Fountain,Sol C. Siegel,1954
195,Marty,Harold Hecht,1955
196,Love Is a Many-Splendored Thing,Buddy Adler,1955
197,Mister Roberts,Leland Hayward,1955
198,Picnic,Fred Kohlmar,1955
199,The Rose Tattoo,Hal B. Wallis,1955
200,Around the World in 80 Days,Michael Todd,1956
201,Friendly Persuasion,William Wyler,1956
202,Giant,George Stevens and Henry Ginsberg,1956
203,The King and I,Charles Brackett,1956
204,The Ten Commandments,Cecil B. DeMille,1956
205,The Bridge on the River Kwai,Sam Spiegel,1957
206,12 Angry Men,Henry Fonda and Reginald Rose,1957
207,Peyton Place,Jerry Wald,1957
208,Sayonara,William Goetz,1957
209,Witness for the Prosecution,Arthur Hornblow Jr.,1957
210,Gigi,Arthur Freed,1958
211,Auntie Mame,Jack L. Warner,1958
212,Cat on a Hot Tin Roof,Lawrence Weingarten,1958
213,The Defiant Ones,Stanley Kramer,1958
214,Separate Tables,Harold Hecht,1958
215,Ben-Hur,Sam Zimbalist,1959
216,Anatomy of a Murder,Otto Preminger,1959
217,The Diary of Anne Frank,George Stevens,1959
218,The Nun's Story,Henry Blanke,1959
219,Room at the Top,John Woolf and James Woolf,1959
220,The Apartment,Billy Wilder,1960
221,The Alamo,John Wayne,1960
222,Elmer Gantry,Bernard Smith,1960
223,Sons and Lovers,Jerry Wald,1960
224,The Sundowners,Fred Zinnemann,1960
225,West Side Story,Robert Wise,1961
226,Fanny,Joshua Logan,1961
227,The Guns of Navarone,Carl Foreman,1961
228,The Hustler,Robert Rossen,1961
229,Judgment at Nuremberg,Stanley Kramer,1961
230,Lawrence of Arabia,Sam Spiegel,1962
231,The Longest Day,Darryl F. Zanuck,1962
232,The Music Man,Morton DaCosta,1962
233,Mutiny on the Bounty,Aaron Rosenberg,1962
234,To Kill a Mockingbird,Alan J. Pakula,1962
235,Tom Jones,Tony Richardson,1963
236,America America,Elia Kazan,1963
237,Cleopatra,Walter Wanger,1963
238,How the West Was Won,Bernard Smith,1963
239,Lilies of the Field,Ralph Nelson,1963
240,My Fair Lady,Jack L. Warner,1964
241,Becket,Hal B. Wallis,1964
242,Dr. Strangelove or: How I Learned to Stop Worrying and Love the Bomb,Stanley Kubrick,1964
243,Mary Poppins,Walt Disney and Bill Walsh,1964
244,Zorba the Greek,Michael Cacoyannis,1964
245,The Sound of Music,Robert Wise,1965
246,Darling,Joseph Janni,1965
247,Doctor Zhivago,Carlo Ponti,1965
248,Ship of Fools,Stanley Kramer,1965
249,A Thousand Clowns,Fred Coe,1965
250,A Man for All Seasons,Fred Zinnemann,1966
251,Alfie,Lewis Gilbert,1966
252,"The Russians Are Coming, the Russians Are Coming",Norman Jewison,1966
253,The Sand Pebbles,Robert Wise,1966
254,Who's Afraid of Virginia Woolf?,Ernest Lehman,1966
255,In the Heat of the Night,Walter Mirisch,1967
256,Bonnie and Clyde,Warren Beatty,1967
257,Doctor Dolittle,Arthur P. Jacobs,1967
258,The Graduate,Lawrence Turman,1967
259,Guess Who's Coming to Dinner,Stanley Kramer,1967
260,Oliver!,John Woolf,1968
261,Funny Girl,Ray Stark,1968
262,The Lion in Winter,Martin Poll,1968
263,"Rachel, Rachel",Paul Newman,1968
264,Romeo and Juliet,Anthony Havelock-Allan and John Brabourne,1968
265,Midnight Cowboy,Jerome Hellman,1969
266,Anne of the Thousand Days,Hal B. Wallis,1969
267,Butch Cassidy and the Sundance Kid,John Foreman,1969
268,"Hello, Dolly!",Ernest Lehman,1969
269,Z,Jacques Perrin and Ahmed Rachedi,1969
270,,Frank McCarthy,1970
271,,Ross Hunter,1970
272,,Bob Rafelson and Richard Wechsler,1970
273,,Howard G. Minsky,1970
274,,Ingo Preminger,1970
275,,Philip D'Antoni,1971
276,,Stanley Kubrick,1971
277,,Norman Jewison,1971
278,,Stephen J. Friedman,1971
279,,Sam Spiegel,1971
280,,Albert S. Ruddy,1972
281,,Cy Feuer,1972
282,,John Boorman,1972
283,,Bengt Forslund,1972
284,,Robert B. Radnitz,1972
285,,"Tony Bill, Michael Phillips, and Julia Phillips",1973
286,,Francis Ford Coppola and Gary Kurtz,1973
287,,Ingmar Bergman,1973
288,,William Peter Blatty,1973
289,,Melvin Frank,1973
290,,"Francis Ford Coppola, Gray Frederickson, and Fred Roos",1974
291,,Robert Evans,1974
292,,Francis Ford Coppola,1974
293,,Marvin Worth,1974
294,,Irwin Allen,1974
295,,Michael Douglas and Saul Zaentz,1975
296,,Stanley Kubrick,1975
297,,Martin Bregman and Martin Elfand,1975
298,,Richard D. Zanuck and David Brown,1975
299,,Robert Altman,1975
300,,Irwin Winkler and Robert Chartoff,1976
301,,Walter Coblenz,1976
302,,Robert F. Blumofe and Harold Leventhal,1976
303,,Howard Gottfried,1976
304,,Michael Phillips and Julia Phillips,1976
305,,Charles H. Joffe,1977
306,,Ray Stark,1977
307,,Richard Roth,1977
308,,Gary Kurtz,1977
309,,Herbert Ross and Arthur Laurents,1977
310,,"Barry Spikings, Michael Deeley, Michael Cimino, and John Peverall",1978
311,,Jerome Hellman,1978
312,,Warren Beatty,1978
313,,Alan Marshall and David Puttnam,1978
314,,Paul Mazursky and Anthony Ray,1978
315,,Stanley R. Jaffe,1979
316,,Robert Alan Aurthur,1979
317,,"Francis Ford Coppola, Fred Roos, Gray Frederickson, and Tom Sternberg",1979
318,,Peter Yates,1979
319,,Tamara Asseyev and Alex Rose,1979
320,Ordinary People,Ronald L. Schwary,1980
321,Coal Miner's Daughter,Bernard Schwartz,1980
322,The Elephant Man,Jonathan Sanger,1980
323,Raging Bull,Irwin Winkler and Robert Chartoff,1980
324,Tess,Claude Berri and Timothy Burrill,1980
325,Chariots of Fire,David Puttnam,1981
326,Atlantic City,Denis Héroux,1981
327,On Golden Pond,Bruce Gilbert,1981
328,Raiders of the Lost Ark,Frank Marshall,1981
329,Reds,Warren Beatty,1981
330,Gandhi,Richard Attenborough,1982
331,E.T. the Extra-Terrestrial,Steven Spielberg and Kathleen Kennedy,1982
332,Missing,Edward Lewis and Mildred Lewis,1982
333,Tootsie,Sydney Pollack and Dick Richards,1982
334,The Verdict,Richard D. Zanuck and David Brown,1982
335,Terms of Endearment,James L. Brooks,1983
336,The Big Chill,Michael Shamberg,1983
337,The Dresser,Peter Yates,1983
338,The Right Stuff,Irwin Winkler and Robert Chartoff,1983
339,Tender Mercies,Philip S. Hobel,1983
340,Amadeus,Saul Zaentz,1984
341,The Killing Fields,David Puttnam,1984
342,A Passage to India,John Brabourne and Richard B. Goodwin,1984
343,Places in the Heart,Arlene Donovan,1984
344,A Soldier's Story,"Norman Jewison, Ronald L. Schwary, and Patrick Palmer",1984
345,Out of Africa,Sydney Pollack,1985
346,The Color Purple,"Steven Spielberg, Kathleen Kennedy, Frank Marshall, and Quincy Jones",1985
347,Kiss of the Spider Woman,David Weisman,1985
348,Prizzi's Honor,John Foreman,1985
349,Witness,Edward S. Feldman,1985
350,Platoon,Arnold Kopelson,1986
351,Children of a Lesser God,Burt Sugarman and Patrick J. Palmer,1986
352,Hannah and Her Sisters,Robert Greenhut,1986
353,The Mission,Fernando Ghia and David Puttnam,1986
354,A Room with a View,Ismail Merchant,1986
355,The Last Emperor,Jeremy Thomas,1987
356,Broadcast News,James L. Brooks,1987
357,Fatal Attraction,Stanley R. Jaffe and Sherry Lansing,1987
358,Hope and Glory,John Boorman,1987
359,Moonstruck,Patrick J. Palmer and Norman Jewison,1987
360,Rain Man,Mark Johnson,1988
361,The Accidental Tourist,"Lawrence Kasdan, Charles Okun, and Michael Grillo",1988
362,Dangerous Liaisons,Norma Heyman and Hank Moonjean,1988
363,Mississippi Burning,Frederick Zollo and Robert F. Colesberry,1988
364,Working Girl,Douglas Wick,1988
365,Driving Miss Daisy,Richard D. Zanuck and Lili Fini Zanuck,1989
366,Born on the Fourth of July,A. Kitman Ho and Oliver Stone,1989
367,Dead Poets Society,"Steven Haft, Paul Junger Witt, and Tony Thomas",1989
368,Field of Dreams,Lawrence Gordon and Charles Gordon,1989
369,My Left Foot,Noel Pearson,1989
370,Dances with Wolves,Jim Wilson and Kevin Costner,1990
371,Awakenings,Walter Parkes and Lawrence Lasker,1990
372,Ghost,Lisa Weinstein,1990
373,The Godfather Part III,Francis Ford Coppola,1990
374,Goodfellas,Irwin Winkler,1990
375,The Silence of the Lambs,"Edward Saxon, Kenneth Utt, and Ron Bozman",1991
376,Beauty and the Beast,Don Hahn,1991
377,Bugsy,"Mark Johnson, Barry Levinson and Warren Beatty",1991
378,JFK,A. Kitman Ho and Oliver Stone,1991
379,The Prince of Tides,Barbra Streisand and Andrew S. Karsch,1991
380,Unforgiven,Clint Eastwood,1992
381,The Crying Game,Stephen Woolley,1992
382,A Few Good Men,"David Brown, Rob Reiner, and Andrew Scheinman",1992
383,Howards End,Ismail Merchant,1992
384,Scent of a Woman,Martin Brest,1992
385,Schindler's List,"Steven Spielberg, Gerald R. Molen, and Branko Lustig",1993
386,The Fugitive,Arnold Kopelson,1993
387,In the Name of the Father,Jim Sheridan,1993
388,The Piano,Jan Chapman,1993
389,The Remains of the Day,"Mike Nichols, John Calley, and Ismail Merchant",1993
390,Forrest Gump,"Wendy Finerman, Steve Tisch, and Steve Starkey",1994
391,Four Weddings and a Funeral,Duncan Kenworthy,1994
392,Pulp Fiction,Lawrence Bender,1994
393,Quiz Show,"Michael Jacobs, Julian Krainin, Michael Nozik, and Robert Redford",1994
394,The Shawshank Redemption,Niki Marvin,1994
395,Braveheart,"Mel Gibson, Alan Ladd Jr., and Bruce Davey",1995
396,Apollo 13,Brian Grazer,1995
397,Babe,"Bill Miller, George Miller, and Doug Mitchell",1995
398,The Postman (Il Postino),"Mario Cecchi Gori, Vittorio Cecchi Gori, and Gaetano Daniele",1995
399,Sense and Sensibility,Lindsay Doran,1995
400,The English Patient,Saul Zaentz,1996
401,Fargo,Ethan Coen,1996
402,Jerry Maguire,"James L. Brooks, Laurence Mark, Richard Sakai, and Cameron Crowe",1996
403,Secrets & Lies,Simon Channing-Williams,1996
404,Shine,Jane Scott,1996
405,Titanic,James Cameron and Jon Landau,1997
406,As Good as It Gets,"James L. Brooks, Bridget Johnson, and Kristi Zea",1997
407,The Full Monty,Uberto Pasolini,1997
408,Good Will Hunting,Lawrence Bender,1997
409,L.A. Confidential,"Curtis Hanson, Arnon Milchan, and Michael Nathanson",1997
410,Shakespeare in Love,"David Parfitt, Donna Gigliotti, Harvey Weinstein, Edward Zwick, and Marc Norman",1998
411,Elizabeth,"Alison Owen, Eric Fellner and Tim Bevan",1998
412,Life Is Beautiful,Elda Ferri and Gianluigi Braschi,1998
413,Saving Private Ryan,"Steven Spielberg, Ian Bryce, Mark Gordon, and Gary Levinsohn",1998
414,The Thin Red Line,"Robert Michael Geisler, John Roberdeau, and Grant Hill",1998
415,American Beauty,Bruce Cohen and Dan Jinks,1999
416,The Cider House Rules,Richard N. Gladstein,1999
417,The Green Mile,Frank Darabont and David Valdes,1999
418,The Insider,Pieter Jan Brugge and Michael Mann,1999
419,The Sixth Sense,"Frank Marshall, Kathleen Kennedy, and Barry Mendel",1999
420,Gladiator,"Douglas Wick, David Franzoni, and Branko Lustig",2000
421,Chocolat,"David Brown, Kit Golden, and Leslie Holleran",2000
422,"Crouching Tiger, Hidden Dragon","William Kong, Hsu Li-kong, and Ang Lee",2000
423,Erin Brockovich,"Danny DeVito, Michael Shamberg, and Stacey Sher",2000
424,Traffic,"Edward Zwick, Marshall Herskovitz, and Laura Bickford",2000
425,A Beautiful Mind,Brian Grazer and Ron Howard,2001
426,Gosford Park,"Robert Altman, Bob Balaban, and David Levy",2001
427,In the Bedroom,"Graham Leader, Ross Katz, and Todd Field",2001
428,The Lord of the Rings: The Fellowship of the Ring,"Peter Jackson, Fran Walsh, and Barrie M. Osborne",2001
429,Moulin Rouge!,"Martin Brown, Baz Luhrmann, and Fred Baron",2001
430,Chicago,Martin Richards,2002
431,Gangs of New York,Alberto Grimaldi and Harvey Weinstein,2002
432,The Hours,Scott Rudin and Robert Fox,2002
433,The Lord of the Rings: The Two Towers,"Barrie M. Osborne, Fran Walsh, and Peter Jackson",2002
434,The Pianist,"Roman Polanski, Robert Benmussa, and Alain Sarde",2002
435,The Lord of the Rings: The Return of the King,"Barrie M. Osborne, Peter Jackson, and Fran Walsh",2003
436,Lost in Translation,Ross Katz and Sofia Coppola,2003
437,Master and Commander: The Far Side of the World,"Samuel Goldwyn Jr., Peter Weir, and Duncan Henderson",2003
438,Mystic River,"Robert Lorenz, Judie G. Hoyt, and Clint Eastwood",2003
439,Seabiscuit,"Kathleen Kennedy, Frank Marshall, and Gary Ross",2003
440,Million Dollar Baby,"Clint Eastwood, Albert S. Ruddy, and Tom Rosenberg",2004
441,The Aviator,Michael Mann and Graham King,2004
442,Finding Neverland,Richard N. Gladstein and Nellie Bellflower,2004
443,Ray,"Taylor Hackford, Stuart Benjamin, and Howard Baldwin",2004
444,Sideways,Michael London,2004
445,Crash,Paul Haggis and Cathy Schulman,2005
446,Brokeback Mountain,Diana Ossana and James Schamus,2005
447,Capote,"Caroline Baron, William Vince, and Michael Ohoven",2005
448,"Good Night, and Good Luck",Grant Heslov,2005
449,Munich,"Steven Spielberg, Kathleen Kennedy, and Barry Mendel",2005
450,The Departed,Graham King,2006
451,Babel,"Alejandro González Iñárritu, Steve Golin, and Jon Kilik",2006
452,Letters from Iwo Jima,"Clint Eastwood, Steven Spielberg, and Robert Lorenz",2006
453,Little Miss Sunshine,"David T. Friendly, Peter Saraf, and Marc Turtletaub",2006
454,The Queen,"Andy Harries, Christine Langan, and Tracey Seaward",2006
455,No Country for Old Men,"Scott Rudin, Joel Coen, and Ethan Coen",2007
456,Atonement,"Tim Bevan, Eric Fellner, and Paul Webster",2007
457,Juno,"Lianne Halfon, Mason Novick, and Russell Smith",2007
458,Michael Clayton,"Jennifer Fox, Kerry Orent, and Sydney Pollack",2007
459,There Will Be Blood,"Paul Thomas Anderson, Daniel Lupi, and JoAnne Sellar",2007
460,Slumdog Millionaire,Christian Colson,2008
461,The Curious Case of Benjamin Button,"Kathleen Kennedy, Frank Marshall, and Ceán Chaffin",2008
462,Frost/Nixon,"Ron Howard, Brian Grazer, and Eric Fellner",2008
463,Milk,Bruce Cohen and Dan Jinks,2008
464,The Reader,"Anthony Minghella, Sydney Pollack, Donna Gigliotti, and Redmond Morris",2008
465,The Hurt Locker,"Kathryn Bigelow, Mark Boal, Nicolas Chartier, and Greg Shapiro",2009
466,Avatar,James Cameron and Jon Landau,2009
467,The Blind Side,"Gil Netter, Andrew A. Kosove, and Broderick Johnson",2009
468,District 9,Peter Jackson and Carolynne Cunningham,2009
469,An Education,Finola Dwyer and Amanda Posey,2009
470,Inglourious Basterds,Lawrence Bender,2009
471,Precious: Based on the Novel 'Push' by Sapphire,"Lee Daniels, Sarah Siegel-Magness, and Gary Magness",2009
472,A Serious Man,Joel Coen and Ethan Coen,2009
473,Up,Jonas Rivera,2009
474,Up in the Air,"Daniel Dubiecki, Ivan Reitman, and Jason Reitman",2009
475,The King's Speech,"Iain Canning, Emile Sherman, and Gareth Unwin",2010
476,127 Hours,"Danny Boyle, John Smithson, and Christian Colson",2010
477,Black Swan,"Scott Franklin, Mike Medavoy, and Brian Oliver",2010
478,The Fighter,"David Hoberman, Todd Lieberman, and Mark Wahlberg",2010
479,Inception,Christopher Nolan and Emma Thomas,2010
480,The Kids Are All Right,"Gary Gilbert, Jeffrey Levy-Hinte, and Celine Rattray",2010
481,The Social Network,"Dana Brunetti, Ceán Chaffin, Michael De Luca, and Scott Rudin",2010
482,Toy Story 3,Darla K. Anderson,2010
483,True Grit,"Joel Coen, Ethan Coen, and Scott Rudin",2010
484,Winter's Bone,Alix Madigan and Anne Rosellini,2010
485,The Artist,Thomas Langmann,2011
486,The Descendants,"Jim Burke, Alexander Payne, and Jim Taylor",2011
487,Extremely Loud & Incredibly Close,Scott Rudin,2011
488,The Help,"Brunson Green, Chris Columbus, and Michael Barnathan",2011
489,Hugo,Graham King and Martin Scorsese,2011
490,Midnight in Paris,Letty Aronson and Stephen Tenenbaum,2011
491,Moneyball,"Michael De Luca, Rachael Horovitz, and Brad Pitt",2011
492,The Tree of Life,"Sarah Green, Bill Pohlad, Dede Gardner, and Grant Hill",2011
493,War Horse,Steven Spielberg and Kathleen Kennedy,2011
494,Argo,"Grant Heslov, Ben Affleck, and George Clooney",2012
495,Amour,"Margaret Menegoz, Stefan Arndt, Veit Heiduschka, and Michael Katz",2012
496,Beasts of the Southern Wild,"Dan Janvey, Josh Penn, and Michael Gottwald",2012
497,Django Unchained,"Stacey Sher, Reginald Hudlin, and Pilar Savone",2012
498,Life of Pi,"Gil Netter, Ang Lee, and David Womark",2012
499,Lincoln,Steven Spielberg and Kathleen Kennedy,2012
500,Les Misérables,"Tim Bevan, Eric Fellner, Debra Hayward, and Cameron Mackintosh",2012
501,Silver Linings Playbook,"Donna Gigliotti, Bruce Cohen, and Jonathan Gordon",2012
502,Zero Dark Thirty,"Mark Boal, Kathryn Bigelow, and Megan Ellison",2012
503,12 Years a Slave,"Brad Pitt, Dede Gardner, Jeremy Kleiner, Steve McQueen, and Anthony Katagas",2013
504,American Hustle,"Charles Roven, Richard Suckle, Megan Ellison, and Jonathan Gordon",2013
505,Captain Phillips,"Scott Rudin, Dana Brunetti, and Michael De Luca",2013
506,Dallas Buyers Club,Robbie Brenner and Rachel Winter,2013
507,Gravity,Alfonso Cuarón and David Heyman,2013
508,Her,"Megan Ellison, Spike Jonze, and Vincent Landay",2013
509,Nebraska,Albert Berger and Ron Yerxa,2013
510,Philomena,"Gabrielle Tana, Steve Coogan, and Tracey Seaward",2013
511,The Wolf of Wall Street,"Martin Scorsese, Leonardo DiCaprio, Joey McFarland, and Emma Tillinger Koskoff",2013
512,Birdman or (The Unexpected Virtue of Ignorance),"Alejandro G. Iñárritu, John Lesher, and James W. Skotchdopole",2014
513,American Sniper,"Clint Eastwood, Andrew Lazar, Robert Lorenz, Bradley Cooper, and Peter Morgan",2014
514,Boyhood,Richard Linklater and Cathleen Sutherland,2014
515,The Grand Budapest Hotel,"Wes Anderson, Scott Rudin, Steven M. Rales, and Jeremy Dawson",2014
516,The Imitation Game,"Nora Grossman, Ido Ostrowsky, and Teddy Schwarzman",2014
517,Selma,"Christian Colson, Oprah Winfrey, Dede Gardner, and Jeremy Kleiner",2014
518,The Theory of Everything,"Tim Bevan, Eric Fellner, Lisa Bruce, and Anthony McCarten",2014
519,Whiplash,"Jason Blum, Helen Estabrook, and David Lancaster",2014
520,Spotlight,"Blye Pagon Faust, Steve Golin, Nicole Rocklin, and Michael Sugar",2015
521,The Big Short,"Dede Gardner, Jeremy Kleiner, and Brad Pitt",2015
522,Bridge of Spies,"Steven Spielberg, Marc Platt, and Kristie Macosko Krieger",2015
523,Brooklyn,Finola Dwyer and Amanda Posey,2015
524,Mad Max: Fury Road,Doug Mitchell and George Miller,2015
525,The Martian,"Simon Kinberg, Ridley Scott, Michael Schaefer, and Mark Huffam",2015
526,The Revenant,"Arnon Milchan, Steve Golin, Alejandro G. Iñárritu, Mary Parent, and Keith Redmon",2015
527,Room,Ed Guiney,2015
528,Moonlight,"Adele Romanski, Dede Gardner, and Jeremy Kleiner",2016
529,Arrival,"Shawn Levy, Dan Levine, Aaron Ryder, and David Linde",2016
530,Fences,"Scott Rudin, Denzel Washington, and Todd Black",2016
531,Hacksaw Ridge,Bill Mechanic and David Permut,2016
532,Hell or High Water,Carla Hacken and Julie Yorn,2016
533,Hidden Figures,"Donna Gigliotti, Peter Chernin, Jenno Topping, Pharrell Williams, and Theodore Melfi",2016
534,La La Land,"Fred Berger, Jordan Horowitz, and Marc Platt",2016
535,Lion,"Emile Sherman, Iain Canning, and Angie Fielder",2016
536,Manchester by the Sea,"Matt Damon, Kimberly Steward, Chris Moore, Lauren Beck, and Kevin J. Walsh",2016
537,The Shape of Water,Guillermo del Toro and J. Miles Dale,2017
538,Call Me by Your Name,"Peter Spears, Luca Guadagnino, Emilie Georges, and Marco Morabito",2017
539,Darkest Hour,"Tim Bevan, Eric Fellner, Lisa Bruce, Anthony McCarten, and Douglas Urbanski",2017
540,Dunkirk,Emma Thomas and Christopher Nolan,2017
541,Get Out,"Sean McKittrick, Jason Blum, Edward H. Hamm Jr., and Jordan Peele",2017
542,Lady Bird,"Scott Rudin, Eli Bush, and Evelyn O'Neill",2017
543,Phantom Thread,"JoAnne Sellar, Paul Thomas Anderson, Megan Ellison, and Daniel Lupi",2017
544,The Post,"Amy Pascal, Steven Spielberg, and Kristie Macosko Krieger",2017
545,"Three Billboards Outside Ebbing, Missouri","Graham Broadbent, Pete Czernin, and Martin McDonagh",2017
546,Green Book,"Jim Burke, Charles B. Wessler, Brian Currie, Peter Farrelly, and Nick Vallelonga",2018
547,Black Panther,Kevin Feige,2018
548,BlacKkKlansman,"Sean McKittrick, Jason Blum, Raymond Mansfield, Jordan Peele, and Spike Lee",2018
549,Bohemian Rhapsody,Graham King,2018
550,The Favourite,"Ceci Dempsey, Ed Guiney, Lee Magiday, and Yorgos Lanthimos",2018
551,Roma,Gabriela Rodríguez and Alfonso Cuarón,2018
552,A Star Is Born,"Bill Gerber, Bradley Cooper, and Lynette Howell Taylor",2018
553,Vice,"Dede Gardner, Jeremy Kleiner, Adam McKay, and Kevin Messick",2018
554,Parasite,Kwak Sin-ae and Bong Joon-ho,2019
555,Ford v Ferrari,"Peter Chernin, Jenno Topping, and James Mangold",2019
556,The Irishman,"Martin Scorsese, Robert De Niro, Jane Rosenthal, and Emma Tillinger Koskoff",2019
557,Jojo Rabbit,"Carthew Neal, Taika Waititi, and Chelsea Winstanley",2019
558,Joker,"Todd Phillips, Bradley Cooper, and Emma Tillinger Koskoff",2019
559,Little Women,Amy Pascal,2019
560,Marriage Story,Noah Baumbach and David Heyman,2019
561,1917,"Sam Mendes, Pippa Harris, Jayne-Ann Tenggren, and Callum McDougall",2019
562,Once Upon a Time in Hollywood,"David Heyman, Shannon McIntosh, and Quentin Tarantino",2019
563,Nomadland,"Frances McDormand, Peter Spears, Mollye Asher, Dan Janvey, and Chloé Zhao",2020
564,The Father,"David Parfitt, Jean-Louis Livi, and Philippe Carcassonne",2020
565,Judas and the Black Messiah,"Shaka King, Charles D. King, and Ryan Coogler",2020
566,Mank,"Ceán Chaffin, Eric Roth, and Douglas Urbanski",2020
567,Minari,Christina Oh,2020
568,Promising Young Woman,"Ben Browning, Ashley Fox, Emerald Fennell, and Josey McNamara",2020
569,Sound of Metal,Bert Hamelinck and Sacha Ben Harroche,2020
570,The Trial of the Chicago 7,Marc Platt and Stuart M. Besser,2020
571,CODA,"Philippe Rousselet, Fabrice Gianfermi, and Patrick Wachsberger",2021
572,Belfast,"Laura Berwick, Kenneth Branagh, Becca Kovacik, and Tamar Thomas",2021
573,Don't Look Up,Adam McKay and Kevin Messick,2021
574,Drive My Car,Teruhisa Yamamoto,2021
575,Dune,"Mary Parent, Denis Villeneuve, and Cale Boyter",2021
576,King Richard,"Tim White, Trevor White, and Will Smith",2021
577,Licorice Pizza,"Sara Murphy, Adam Somner, and Paul Thomas Anderson",2021
578,Nightmare Alley,"J. Miles Dale, Guillermo del Toro, and Bradley Cooper",2021
579,The Power of the Dog,"Emile Sherman, Iain Canning, Roger Frappier, Jane Campion, and Tanya Seghatchian",2021
580,West Side Story,Steven Spielberg and Kristie Macosko Krieger,2021
